run_id,job_name,started_at,duration_sec,status,retries,triggered_by,service
R-00001,failover_drill,2026-08-01 00:18:58.653520640,26.0,timeout,1,schedule,notifications
R-00002,purge_cache,2026-08-10 23:02:28.854685440,161.0,success,0,pipeline,notifications
R-00003,purge_cache,2026-08-07 14:23:14.583755520,17.0,success,2,alert,notifications
R-00004,purge_cache,2026-08-08 17:15:23.548491008,126.0,success,3,schedule,billing-worker
R-00005,db_vacuum,2026-08-14 20:10:45.527402240,113.0,failed,2,pipeline,auth-service
R-00006,restart_pod,2026-08-02 21:51:58.145405184,1505.0,success,2,alert,checkout-api
R-00007,failover_drill,2026-08-30 05:14:12.576860672,69.0,success,0,alert,billing-worker
R-00008,purge_cache,2026-08-12 17:11:13.919974656,23.0,success,2,alert,checkout-api
R-00009,failover_drill,2026-08-16 08:11:28.137708288,111.0,success,2,pipeline,auth-service
R-00010,rotate_secrets,2026-08-08 10:12:56.087842304,126.0,success,2,alert,notifications
R-00011,snapshot_rds,2026-08-08 09:52:16.803038976,21.0,success,0,schedule,auth-service
R-00012,snapshot_rds,2026-08-19 19:58:56.168701952,17.0,success,0,manual,billing-worker
R-00013,failover_drill,2026-08-09 12:52:52.099217408,109.0,success,0,pipeline,notifications
R-00014,failover_drill,2026-09-08 09:21:16.181229312,311.0,success,0,alert,notifications
R-00015,rotate_secrets,2026-09-11 16:43:52.161417728,49.0,success,3,schedule,search-api
R-00016,restart_pod,2026-09-12 13:38:13.400794880,86401.0,failed,1,alert,billing-worker
R-00017,purge_cache,2026-08-25 21:19:01.945150720,38.0,success,2,alert,notifications
R-00018,rotate_secrets,2026-09-05 01:06:45.957806848,191.0,success,3,manual,billing-worker
R-00019,db_vacuum,2026-08-02 05:26:18.817726208,35.0,success,2,alert,billing-worker
R-00020,snapshot_rds,2026-08-07 20:44:02.178304256,309.0,success,1,alert,billing-worker
R-00021,purge_cache,2026-08-07 21:23:39.558159616,9.0,success,3,alert,checkout-api
R-00022,snapshot_rds,2026-08-30 09:14:02.446774272,38.0,success,0,alert,checkout-api
R-00023,db_vacuum,2026-08-07 09:17:00.692059392,62.0,success,0,alert,notifications
R-00024,db_vacuum,2026-09-08 09:55:22.471131392,162.0,success,0,schedule,checkout-api
R-00025,failover_drill,2026-09-13 10:51:32.603849728,31.0,success,1,schedule,checkout-api
R-00026,scale_deployment,2026-08-12 00:24:34.253495808,40.0,success,1,alert,auth-service
R-00027,rotate_secrets,2026-08-14 12:06:33.727439104,75.0,failed,3,manual,notifications
R-00028,rotate_secrets,2026-09-07 00:13:22.792436224,426.0,success,1,alert,notifications
R-00029,snapshot_rds,2026-08-21 05:04:04.964155392,9.0,success,2,schedule,search-api
R-00030,scale_deployment,2026-08-23 14:37:34.952157184,164.0,success,0,schedule,auth-service
R-00031,scale_deployment,2026-08-27 17:04:21.914929920,89.0,success,2,alert,auth-service
R-00032,snapshot_rds,2026-08-10 23:24:39.275264512,100.0,success,0,alert,billing-worker
R-00033,scale_deployment,2026-08-07 18:22:15.394893824,133.0,success,1,alert,checkout-api
R-00034,snapshot_rds,2026-08-09 19:09:21.016476672,66.0,success,2,alert,notifications
R-00035,purge_cache,2026-08-27 02:18:15.071311872,130.0,success,2,alert,notifications
R-00036,cert_renewal,2026-08-15 00:36:42.070905600,73.0,success,0,schedule,search-api
R-00037,scale_deployment,2026-08-17 09:41:41.754316288,59.0,success,1,pipeline,checkout-api
R-00038,rotate_secrets,2026-08-14 14:11:37.519572224,20.0,success,0,schedule,search-api
R-00039,scale_deployment,2026-09-05 18:46:42.995270400,9.0,success,2,alert,search-api
R-00040,snapshot_rds,2026-09-04 15:40:47.558328320,41.0,success,0,alert,search-api
R-00041,restart_pod,2026-09-13 03:47:33.961767936,62.0,success,0,alert,notifications
R-00042,db_vacuum,2026-08-15 08:34:09.981312256,152.0,success,0,alert,checkout-api
R-00043,restart_pod,2026-08-01 07:14:41.036234240,124.0,success,0,schedule,auth-service
R-00044,cert_renewal,2026-08-27 23:11:12.427884032,303.0,success,3,alert,checkout-api
R-00045,db_vacuum,2026-08-14 07:44:04.560180480,9.0,success,0,schedule,search-api
R-00046,snapshot_rds,2026-08-29 09:52:18.109702144,24.0,success,0,alert,checkout-api
R-00047,,2026-08-03 09:07:38.541556992,-10.0,success,0,schedule,auth-service
R-00048,purge_cache,2026-08-31 16:44:51.636913664,83.0,timeout,3,schedule,notifications
R-00049,scale_deployment,2026-08-25 17:24:19.060732416,74.0,success,1,alert,auth-service
R-00050,rotate_secrets,2026-09-10 06:45:31.549889024,62.0,success,2,alert,notifications
R-00051,purge_cache,2026-08-16 16:34:52.868288512,-10.0,success,0,schedule,checkout-api
R-00052,db_vacuum,2026-08-22 00:41:29.047375616,232.0,success,0,alert,notifications
R-00053,db_vacuum,2026-09-03 20:58:41.635406592,,success,2,alert,notifications
R-00054,db_vacuum,2026-08-04 05:17:59.307698432,97.0,success,3,pipeline,search-api
R-00055,failover_drill,2026-09-01 23:27:06.147376384,39.0,success,3,alert,billing-worker
R-00056,rotate_secrets,2026-08-14 22:19:17.779096320,21.0,success,0,schedule,auth-service
R-00057,restart_pod,2026-08-31 15:51:17.658020352,209.0,success,3,schedule,checkout-api
R-00058,snapshot_rds,2026-08-07 15:31:08.707322624,45.0,success,3,alert,notifications
R-00059,restart_pod,2026-09-10 12:02:42.256212480,66.0,success,3,schedule,checkout-api
R-00060,scale_deployment,2026-08-25 03:18:57.231996416,50.0,success,0,manual,search-api
R-00061,purge_cache,2026-08-31 04:38:54.248643328,25.0,success,2,alert,checkout-api
R-00062,db_vacuum,2026-08-30 05:55:49.654812672,99.0,success,0,manual,checkout-api
R-00063,cert_renewal,2026-08-14 07:59:40.469687808,110.0,success,3,manual,checkout-api
R-00064,purge_cache,2026-09-13 09:01:02.722944512,96.0,success,3,alert,billing-worker
R-00065,restart_pod,2026-08-05 20:17:57.440202496,30.0,success,0,alert,checkout-api
R-00066,scale_deployment,2026-08-23 07:37:08.061379840,48.0,success,0,alert,notifications
R-00067,failover_drill,2026-09-13 05:23:20.854340608,102.0,success,2,alert,notifications
R-00068,failover_drill,2026-09-02 07:15:12.365735936,45.0,success,3,alert,auth-service
R-00069,scale_deployment,2026-08-22 15:57:40.622377984,60.0,success,0,manual,checkout-api
R-00070,scale_deployment,2026-08-02 09:31:05.519808256,186.0,success,0,manual,billing-worker
R-00071,cert_renewal,2026-08-16 16:34:37.234648320,26.0,success,0,alert,search-api
R-00072,db_vacuum,2026-08-11 05:08:13.849125376,28.0,success,0,alert,search-api
R-00073,scale_deployment,2026-08-13 06:12:33.148610304,530.0,success,2,pipeline,search-api
R-00074,cert_renewal,2026-08-17 08:32:42.299760384,26.0,success,1,schedule,checkout-api
R-00075,rotate_secrets,2026-08-07 09:39:51.661110272,26.0,success,0,schedule,checkout-api
R-00076,cert_renewal,2026-08-24 19:14:13.131845120,20.0,success,0,alert,notifications
R-00077,cert_renewal,2026-08-21 05:01:59.856901888,156.0,success,2,schedule,checkout-api
R-00078,cert_renewal,2026-08-18 08:56:48.022281472,89.0,success,0,manual,billing-worker
R-00079,scale_deployment,2026-09-03 15:17:59.383762176,74.0,timeout,0,schedule,notifications
R-00080,purge_cache,2026-09-12 17:20:31.288479232,54.0,success,2,alert,billing-worker
R-00081,restart_pod,2026-08-20 08:17:20.235945216,59.0,success,3,schedule,auth-service
R-00082,failover_drill,2026-08-21 13:57:15.526678528,54.0,success,0,schedule,billing-worker
R-00083,purge_cache,2026-08-25 16:39:55.503467264,54.0,success,1,alert,auth-service
R-00084,purge_cache,2026-09-06 17:32:36.722045696,4029.0,success,1,pipeline,billing-worker
R-00085,cert_renewal,2026-08-27 15:05:39.275122688,32.0,success,2,alert,notifications
R-00086,rotate_secrets,2026-09-01 18:46:51.791528704,94.0,success,0,pipeline,notifications
R-00087,rotate_secrets,2026-08-02 00:08:14.762547712,7.0,success,2,alert,checkout-api
R-00088,purge_cache,2026-09-04 13:38:47.071788544,76.0,success,0,schedule,search-api
R-00089,purge_cache,2026-09-09 16:46:28.402143488,30.0,success,3,alert,checkout-api
R-00090,cert_renewal,2026-08-20 12:19:43.072089088,154.0,timeout,0,schedule,search-api
R-00091,db_vacuum,2026-09-10 12:44:08.437505024,56.0,success,0,alert,search-api
R-00092,restart_pod,2026-09-10 13:40:57.120318464,389.0,success,1,schedule,auth-service
R-00093,cert_renewal,2026-08-22 20:05:10.232992512,81.0,success,0,schedule,checkout-api
R-00094,purge_cache,2026-08-31 20:14:03.076095232,240.0,failed,2,alert,notifications
R-00095,restart_pod,2026-09-07 02:34:52.803762944,29.0,success,0,alert,search-api
R-00096,snapshot_rds,2026-08-27 06:03:46.933924608,110.0,success,0,pipeline,search-api
R-00097,cert_renewal,2026-08-12 13:02:07.961179392,39.0,success,0,manual,search-api
R-00098,snapshot_rds,2026-09-07 10:10:33.880947968,20.0,success,0,alert,notifications
R-00099,rotate_secrets,2026-08-31 05:23:02.403697408,15.0,success,1,alert,billing-worker
R-00100,failover_drill,2026-08-29 20:56:12.560759552,32.0,success,0,schedule,search-api
R-00101,restart_pod,2026-08-26 03:41:59.663606528,30.0,success,0,schedule,billing-worker
R-00102,scale_deployment,2026-09-12 16:50:34.581531392,109.0,success,3,schedule,notifications
R-00103,scale_deployment,2026-08-29 04:52:35.006419456,179.0,success,1,pipeline,billing-worker
R-00104,failover_drill,2026-09-04 13:47:11.793302784,42.0,success,2,schedule,auth-service
R-00105,db_vacuum,2026-08-18 11:55:13.295665664,28.0,success,3,alert,checkout-api
R-00106,purge_cache,2026-08-21 10:24:50.119383040,39.0,success,0,alert,search-api
R-00107,db_vacuum,2026-08-02 13:30:10.261779456,60.0,success,0,alert,checkout-api
R-00108,rotate_secrets,2026-08-03 15:30:39.602955776,37.0,failed,2,schedule,billing-worker
R-00109,db_vacuum,2026-09-11 17:14:12.577159424,,success,1,alert,billing-worker
R-00110,db_vacuum,2026-09-03 22:10:42.373628160,27.0,success,0,alert,auth-service
R-00111,rotate_secrets,2026-08-20 16:37:06.584457728,22.0,success,0,alert,checkout-api
R-00112,restart_pod,2026-08-07 08:05:20.943601408,456.0,success,3,manual,checkout-api
R-00113,scale_deployment,2026-09-07 18:02:27.709963008,48.0,success,3,schedule,search-api
R-00114,purge_cache,2026-08-02 14:20:41.996265472,159.0,success,0,alert,billing-worker
R-00115,cert_renewal,2026-08-27 03:29:12.884552704,40.0,success,0,alert,billing-worker
R-00116,db_vacuum,2026-08-16 09:32:08.972312320,38.0,success,0,schedule,auth-service
R-00117,restart_pod,2026-08-10 14:32:24.078739200,26.0,success,3,manual,notifications
R-00118,restart_pod,2026-09-11 03:54:40.736306176,69.0,success,2,alert,notifications
R-00119,db_vacuum,2026-08-21 08:02:46.863771904,73.0,success,0,manual,auth-service
R-00120,snapshot_rds,2026-09-12 21:37:12.082132992,82.0,success,0,pipeline,search-api
R-00121,purge_cache,2026-08-18 17:53:56.765632512,15.0,success,2,schedule,search-api
R-00122,cert_renewal,2026-09-12 16:03:11.004732416,49.0,timeout,1,manual,checkout-api
R-00123,restart_pod,2026-08-26 16:50:29.842149376,113.0,success,0,pipeline,auth-service
R-00124,scale_deployment,2026-08-16 07:38:11.243755008,13.0,success,0,alert,notifications
R-00125,rotate_secrets,2026-08-13 14:01:47.338832384,173.0,timeout,2,schedule,auth-service
R-00126,purge_cache,2026-08-27 12:51:59.691659008,19.0,success,3,schedule,auth-service
R-00127,snapshot_rds,2026-08-20 01:57:08.041388032,90.0,success,1,pipeline,checkout-api
R-00128,purge_cache,2026-09-09 18:37:07.500695040,96.0,success,3,alert,checkout-api
R-00129,purge_cache,2026-08-13 12:44:35.463378176,90.0,success,0,manual,auth-service
R-00130,db_vacuum,2026-08-06 10:42:49.958988288,154.0,success,0,pipeline,billing-worker
R-00131,failover_drill,2026-08-08 04:00:31.354314496,23.0,success,0,schedule,billing-worker
R-00132,snapshot_rds,2026-09-07 13:22:35.562648832,54.0,success,1,alert,notifications
R-00133,failover_drill,2026-09-06 23:00:25.524874240,61.0,success,0,alert,billing-worker
R-00134,rotate_secrets,2026-08-15 08:58:30.942709760,91.0,success,0,alert,notifications
R-00135,snapshot_rds,2026-09-06 09:12:08.186075136,89.0,success,0,alert,search-api
R-00136,restart_pod,2026-08-16 06:52:43.359735808,50.0,success,1,alert,checkout-api
R-00137,scale_deployment,2026-08-23 17:39:14.380663296,36.0,success,0,pipeline,billing-worker
R-00138,purge_cache,2026-08-06 13:32:11.603454464,35.0,success,0,schedule,notifications
R-00139,db_vacuum,2026-09-05 18:06:11.626649344,86.0,success,1,schedule,notifications
R-00140,db_vacuum,2026-08-08 17:49:43.835250688,72.0,success,0,alert,auth-service
R-00141,restart_pod,2026-09-02 12:43:30.776401920,18.0,success,0,alert,search-api
R-00142,purge_cache,2026-09-01 05:32:48.284335872,46.0,success,0,alert,checkout-api
R-00143,purge_cache,2026-08-15 02:18:02.958822144,62.0,success,0,schedule,checkout-api
R-00144,restart_pod,2026-08-28 04:05:30.714184192,19.0,success,0,pipeline,checkout-api
R-00145,db_vacuum,2026-08-03 01:46:21.656829184,55.0,success,3,manual,billing-worker
R-00146,snapshot_rds,2026-08-07 05:56:24.401354240,75.0,success,0,schedule,checkout-api
R-00147,rotate_secrets,2026-08-27 16:57:45.193817856,89.0,success,0,schedule,notifications
R-00148,db_vacuum,2026-08-16 10:04:37.201041920,139.0,success,1,alert,search-api
R-00149,db_vacuum,2026-08-13 20:39:12.775968768,48.0,success,3,alert,notifications
R-00150,snapshot_rds,2026-08-24 03:10:29.217763584,111.0,success,3,alert,search-api
R-00151,failover_drill,2026-08-10 08:44:58.903412992,26.0,success,0,pipeline,auth-service
R-00152,restart_pod,2026-08-09 02:18:45.173613056,174.0,success,2,schedule,search-api
R-00153,cert_renewal,2026-08-17 08:02:31.938869248,65.0,success,1,schedule,notifications
R-00154,db_vacuum,2026-08-29 16:05:30.795231488,89.0,failed,1,alert,auth-service
R-00155,,2026-09-08 02:47:25.676005632,61.0,success,0,alert,auth-service
R-00156,rotate_secrets,2026-08-15 00:58:41.282268160,3.0,failed,3,alert,checkout-api
R-00157,db_vacuum,2026-09-14 23:59:29.057150208,38.0,success,0,pipeline,notifications
R-00158,rotate_secrets,2026-09-14 08:43:35.459072512,63.0,success,0,alert,checkout-api
R-00159,cert_renewal,2026-08-07 16:26:18.839902464,254.0,success,0,schedule,auth-service
R-00160,cert_renewal,2026-09-09 18:10:07.235548160,54.0,success,0,pipeline,checkout-api
R-00161,restart_pod,2026-09-13 14:46:14.739071744,98.0,success,2,schedule,notifications
R-00162,restart_pod,2026-08-08 09:17:37.426181376,56.0,success,2,schedule,billing-worker
R-00163,cert_renewal,2026-09-09 10:25:07.271996416,37.0,success,0,pipeline,auth-service
R-00164,scale_deployment,2026-08-19 12:41:09.026731264,53.0,success,2,manual,search-api
R-00165,rotate_secrets,2026-08-11 09:14:53.299050496,92.0,success,1,schedule,search-api
R-00166,restart_pod,2026-08-28 13:03:46.731931392,74.0,success,1,alert,auth-service
R-00167,failover_drill,2026-08-23 18:32:43.768802560,578.0,success,1,alert,search-api
R-00168,db_vacuum,2026-08-31 20:14:32.121142016,46.0,success,2,manual,billing-worker
R-00169,scale_deployment,2026-09-13 21:25:12.781363712,37.0,success,2,pipeline,search-api
R-00170,purge_cache,2026-08-11 23:03:27.840243456,78.0,success,0,schedule,search-api
R-00171,rotate_secrets,2026-08-11 00:10:32.632725504,153.0,success,0,schedule,search-api
R-00172,db_vacuum,2026-09-03 13:34:35.551465216,78.0,success,0,alert,auth-service
R-00173,cert_renewal,2026-09-11 18:51:44.792782592,303.0,success,0,schedule,search-api
R-00174,rotate_secrets,2026-08-17 08:20:49.639934976,78.0,success,0,schedule,notifications
R-00175,scale_deployment,2026-09-07 04:27:32.085559808,139.0,success,0,pipeline,auth-service
R-00176,failover_drill,2026-08-07 03:22:18.898236928,52.0,success,0,schedule,notifications
R-00177,restart_pod,2026-09-14 05:04:38.156760832,34.0,failed,2,schedule,auth-service
R-00178,failover_drill,2026-09-12 09:03:15.994969088,116.0,success,1,alert,checkout-api
R-00179,restart_pod,2026-08-15 14:41:29.216454912,23.0,success,0,alert,billing-worker
R-00180,failover_drill,2026-08-31 12:59:22.877096704,36.0,success,0,schedule,auth-service
R-00181,purge_cache,2026-08-21 22:05:41.919047680,15.0,success,0,alert,notifications
R-00182,rotate_secrets,2026-09-12 20:44:23.379474688,107.0,success,0,alert,checkout-api
R-00183,cert_renewal,2026-08-12 02:17:35.366888960,298.0,success,0,schedule,notifications
R-00184,db_vacuum,2026-08-26 23:05:45.736729088,80.0,success,0,alert,billing-worker
R-00185,rotate_secrets,2026-08-18 00:50:57.234589952,143.0,success,2,alert,search-api
R-00186,rotate_secrets,2026-08-25 15:16:44.158426368,101.0,success,0,schedule,notifications
R-00187,restart_pod,2026-09-14 05:43:57.506405376,148.0,success,3,schedule,checkout-api
R-00188,rotate_secrets,2026-08-20 20:42:21.315145472,31.0,success,1,alert,auth-service
R-00189,cert_renewal,2026-09-05 15:40:42.293935360,51.0,success,0,schedule,search-api
R-00190,restart_pod,2026-09-13 21:13:22.592531968,13.0,success,2,schedule,checkout-api
R-00191,failover_drill,2026-09-02 08:56:23.988817408,116.0,success,0,schedule,billing-worker
R-00192,cert_renewal,2026-08-29 22:18:30.535420160,11.0,success,3,alert,billing-worker
R-00193,restart_pod,2026-08-07 03:03:41.473889024,5373.0,success,0,pipeline,search-api
R-00194,cert_renewal,2026-08-22 03:04:05.209924096,141.0,success,0,alert,billing-worker
R-00195,failover_drill,2026-08-06 13:19:52.189307648,100.0,success,0,alert,notifications
R-00196,cert_renewal,2026-08-26 03:02:37.006000640,156.0,success,0,alert,search-api
R-00197,rotate_secrets,2026-08-24 17:31:59.753611264,30.0,success,0,schedule,billing-worker
R-00198,scale_deployment,2026-08-07 21:20:35.837557504,19.0,success,0,alert,auth-service
R-00199,scale_deployment,2026-08-21 17:09:34.520305152,44.0,success,0,manual,search-api
R-00200,purge_cache,2026-08-21 17:52:36.335564032,47.0,success,0,alert,billing-worker
R-00201,purge_cache,2026-08-23 01:55:02.222770176,47.0,success,2,alert,search-api
R-00202,restart_pod,2026-09-10 02:46:04.299291392,66.0,success,2,schedule,notifications
R-00203,scale_deployment,2026-09-11 09:53:44.019258880,180.0,failed,2,manual,billing-worker
R-00204,rotate_secrets,2026-08-22 02:45:28.517660928,36.0,success,1,pipeline,auth-service
R-00205,snapshot_rds,2026-09-04 07:42:50.984531456,34.0,success,0,schedule,billing-worker
R-00206,scale_deployment,2026-09-05 20:49:42.796760320,237.0,failed,2,pipeline,auth-service
R-00207,db_vacuum,2026-08-02 13:12:56.899351296,24.0,success,0,pipeline,search-api
R-00208,rotate_secrets,2026-08-15 23:08:36.954560000,31.0,success,0,pipeline,notifications
R-00209,purge_cache,2026-08-10 01:36:42.171121152,57.0,success,0,pipeline,billing-worker
R-00210,scale_deployment,2026-08-20 05:47:37.412829952,108.0,success,0,schedule,auth-service
R-00211,purge_cache,2026-08-27 23:21:19.371954432,32.0,success,2,alert,billing-worker
R-00212,restart_pod,2026-08-26 18:39:21.399750912,134.0,success,3,schedule,billing-worker
R-00213,purge_cache,2026-08-19 01:06:08.677253888,20.0,success,0,manual,auth-service
R-00214,scale_deployment,2026-08-08 15:00:35.519150080,97.0,success,1,alert,notifications
R-00215,restart_pod,2026-08-15 02:02:46.521267712,29.0,success,0,alert,search-api
R-00216,scale_deployment,2026-08-26 16:31:27.322062080,218.0,success,0,alert,checkout-api
R-00217,purge_cache,2026-09-04 16:17:53.594511872,72.0,timeout,0,alert,search-api
R-00218,cert_renewal,2026-08-19 10:32:17.196237312,42.0,failed,2,pipeline,billing-worker
R-00219,db_vacuum,2026-08-24 17:21:58.570640384,32.0,success,3,pipeline,auth-service
R-00220,failover_drill,2026-09-14 21:55:27.730569984,48.0,failed,1,manual,checkout-api
R-00221,snapshot_rds,2026-08-23 01:09:12.489918464,11.0,success,3,alert,checkout-api
R-00222,scale_deployment,2026-08-15 02:49:55.607395072,116.0,success,2,schedule,auth-service
R-00223,failover_drill,2026-08-19 09:53:29.898135296,33.0,success,0,schedule,auth-service
R-00224,cert_renewal,2026-09-02 04:25:24.834813440,41.0,success,0,alert,notifications
R-00225,scale_deployment,2026-08-18 10:10:06.520820480,88.0,success,0,schedule,checkout-api
R-00226,restart_pod,2026-08-14 14:40:04.634678272,78.0,success,3,alert,billing-worker
R-00227,db_vacuum,2026-08-08 20:29:00.884905728,39.0,success,0,alert,auth-service
R-00228,db_vacuum,2026-08-20 18:16:57.799744512,35.0,failed,1,alert,search-api
R-00229,purge_cache,2026-09-08 13:29:15.571584512,93.0,success,3,schedule,search-api
R-00230,restart_pod,2026-08-12 01:31:41.370329600,77.0,timeout,0,alert,billing-worker
R-00231,restart_pod,2026-09-04 07:41:57.428967680,38.0,success,0,alert,search-api
R-00232,restart_pod,2026-08-01 01:10:58.258454272,97.0,success,0,pipeline,checkout-api
R-00233,snapshot_rds,2026-09-03 11:37:32.794189824,22.0,success,1,pipeline,auth-service
R-00234,db_vacuum,2026-08-27 20:55:58.494024960,22.0,success,0,alert,notifications
R-00235,purge_cache,2026-08-04 11:00:45.756808960,168.0,success,0,schedule,billing-worker
R-00236,failover_drill,2026-09-11 05:58:32.533364736,78.0,timeout,3,alert,auth-service
R-00237,failover_drill,2026-08-21 09:31:46.590479616,301.0,success,3,alert,checkout-api
R-00238,cert_renewal,2026-08-31 00:58:14.470358784,194.0,success,0,alert,notifications
R-00239,failover_drill,2026-08-12 14:52:43.353358592,41.0,success,2,schedule,checkout-api
R-00240,cert_renewal,2026-08-23 11:48:27.147913472,131.0,success,0,schedule,billing-worker
R-00241,rotate_secrets,2026-08-04 13:58:05.194486784,138.0,success,0,pipeline,billing-worker
R-00242,scale_deployment,2026-09-05 22:43:52.709271296,21.0,failed,1,manual,notifications
R-00243,failover_drill,2026-08-20 10:24:26.874290688,104.0,success,0,schedule,billing-worker
R-00244,cert_renewal,2026-08-21 22:21:49.086554880,177.0,success,2,manual,search-api
R-00245,cert_renewal,2026-08-09 02:39:12.121308672,35.0,success,0,schedule,checkout-api
R-00246,purge_cache,2026-08-28 03:33:08.581686528,50.0,success,0,alert,checkout-api
R-00247,snapshot_rds,2026-08-09 13:46:40.168460800,34.0,success,2,alert,search-api
R-00248,purge_cache,2026-08-27 04:39:46.822888448,-1.0,failed,3,manual,checkout-api
R-00249,restart_pod,2026-08-13 06:51:22.444080896,300.0,success,0,schedule,auth-service
R-00250,snapshot_rds,2026-08-19 03:26:44.711100672,98.0,success,0,schedule,billing-worker
R-00251,failover_drill,2026-08-30 06:55:20.424909056,36.0,success,1,schedule,search-api
R-00252,restart_pod,2026-08-01 11:45:01.350908672,128.0,success,0,alert,search-api
R-00253,scale_deployment,2026-08-16 20:39:21.253198848,2093.0,success,2,alert,billing-worker
R-00254,rotate_secrets,2026-08-06 06:23:24.408297472,64.0,success,2,alert,search-api
R-00255,cert_renewal,2026-08-23 03:37:26.999251456,73.0,failed,2,schedule,billing-worker
R-00256,rotate_secrets,2026-08-25 05:28:42.341806592,41.0,success,0,alert,auth-service
R-00257,snapshot_rds,2026-09-13 00:58:56.598650880,60.0,success,0,alert,notifications
R-00258,rotate_secrets,2026-08-30 06:57:51.470932736,86.0,success,0,schedule,auth-service
R-00259,failover_drill,2026-08-08 12:40:12.991094528,83.0,success,0,manual,checkout-api
R-00260,snapshot_rds,2026-08-08 04:26:33.653996544,79.0,success,0,alert,auth-service
R-00261,restart_pod,2026-08-06 03:54:31.619408896,15.0,success,0,alert,checkout-api
R-00262,scale_deployment,2026-08-01 15:44:31.252943104,124.0,success,0,manual,search-api
R-00263,restart_pod,2026-08-10 15:46:22.847507968,448.0,success,0,pipeline,notifications
R-00264,cert_renewal,2026-08-25 23:27:46.048146176,86401.0,success,0,manual,search-api
R-00265,db_vacuum,2026-08-28 21:10:27.271219968,27.0,success,0,pipeline,checkout-api
R-00266,purge_cache,2026-09-02 02:47:28.159937024,86.0,success,0,alert,checkout-api
R-00267,cert_renewal,2026-08-06 09:47:05.353173760,107.0,success,0,alert,search-api
R-00268,scale_deployment,2026-08-23 14:44:03.780317184,29.0,success,1,alert,auth-service
R-00269,purge_cache,2026-08-15 13:16:19.181924864,49.0,success,2,schedule,auth-service
R-00270,db_vacuum,2026-09-01 07:54:59.394019584,64.0,success,1,alert,auth-service
R-00271,restart_pod,2026-08-01 14:13:36.293664768,188.0,success,1,manual,notifications
R-00272,restart_pod,2026-08-17 05:07:22.532158720,74.0,success,0,alert,notifications
R-00273,rotate_secrets,2026-08-11 00:08:16.353901312,21.0,success,0,alert,notifications
R-00274,cert_renewal,2026-09-11 20:57:44.324294912,90.0,success,0,manual,auth-service
R-00275,cert_renewal,2026-08-21 22:05:08.069036544,152.0,timeout,0,alert,notifications
R-00276,snapshot_rds,2026-08-29 09:52:05.525885952,56.0,success,0,alert,search-api
R-00277,db_vacuum,2026-08-10 08:37:41.928499712,8843.0,timeout,0,schedule,checkout-api
R-00278,snapshot_rds,2026-08-21 02:07:09.283463936,83.0,success,0,schedule,notifications
R-00279,purge_cache,2026-09-02 22:14:34.926737152,144.0,success,3,schedule,checkout-api
R-00280,db_vacuum,2026-08-09 15:57:43.918358272,34.0,failed,3,schedule,auth-service
R-00281,scale_deployment,2026-08-19 21:20:15.517288448,155.0,failed,1,schedule,billing-worker
R-00282,snapshot_rds,2026-08-07 20:14:08.798400256,173.0,success,2,schedule,search-api
R-00283,snapshot_rds,2026-09-14 20:05:37.253880064,109.0,success,3,manual,billing-worker
R-00284,snapshot_rds,2026-08-19 07:12:24.206445568,136.0,success,1,alert,checkout-api
R-00285,rotate_secrets,2026-08-19 21:18:45.433926144,12.0,success,0,alert,checkout-api
R-00286,snapshot_rds,2026-09-10 07:23:47.811765248,103.0,success,0,schedule,auth-service
R-00287,snapshot_rds,2026-08-22 17:30:39.068334336,280.0,success,2,alert,auth-service
R-00288,cert_renewal,2026-09-04 19:09:05.912117248,25.0,success,2,alert,notifications
R-00289,failover_drill,2026-08-31 00:11:45.701151744,95.0,success,2,alert,checkout-api
R-00290,restart_pod,2026-09-13 12:27:14.694280448,90.0,success,2,schedule,checkout-api
R-00291,restart_pod,2026-08-06 10:52:47.652407808,24.0,success,0,alert,billing-worker
R-00292,snapshot_rds,2026-08-15 18:54:37.455127808,60.0,success,0,schedule,billing-worker
R-00293,restart_pod,2026-08-05 18:53:03.024601600,290.0,success,0,schedule,notifications
R-00294,restart_pod,2026-08-25 12:14:03.438075648,36.0,timeout,1,alert,auth-service
R-00295,cert_renewal,2026-08-30 10:40:12.637113856,101.0,success,0,alert,billing-worker
R-00296,cert_renewal,2026-08-04 08:50:44.351906048,36.0,success,0,alert,auth-service
R-00297,snapshot_rds,2026-09-10 03:37:27.362155520,20.0,success,0,alert,search-api
R-00298,rotate_secrets,2026-08-26 18:33:55.151740672,295.0,success,0,alert,notifications
R-00299,db_vacuum,2026-09-03 04:03:07.005173504,12.0,success,0,schedule,billing-worker
R-00300,db_vacuum,2026-08-09 06:53:52.509398784,31.0,success,0,schedule,billing-worker
R-00301,scale_deployment,2026-08-11 10:19:17.864649984,36.0,success,2,schedule,checkout-api
R-00302,cert_renewal,2026-09-03 16:35:54.791504128,79.0,success,0,alert,billing-worker
R-00303,snapshot_rds,2026-08-09 16:21:50.719351552,30.0,success,0,pipeline,checkout-api
R-00304,cert_renewal,2026-09-08 05:04:07.029396480,452.0,success,1,schedule,search-api
R-00305,snapshot_rds,2026-08-19 05:05:37.755468800,177.0,success,0,alert,search-api
R-00306,failover_drill,2026-08-24 07:43:28.015950336,26.0,success,0,pipeline,search-api
R-00307,failover_drill,2026-08-29 16:35:05.137337600,89.0,success,1,alert,auth-service
R-00308,db_vacuum,2026-08-01 11:47:05.864891136,81.0,success,3,alert,checkout-api
R-00309,failover_drill,2026-08-30 23:32:13.277097472,102.0,success,0,schedule,notifications
R-00310,scale_deployment,2026-08-27 00:59:37.690031872,100000.0,success,0,alert,notifications
R-00311,failover_drill,2026-08-14 00:29:11.514695424,111.0,timeout,3,schedule,billing-worker
R-00312,rotate_secrets,2026-08-31 10:14:20.210463232,82.0,failed,1,pipeline,search-api
R-00313,rotate_secrets,2026-08-10 13:42:49.287266560,20.0,success,2,schedule,notifications
R-00314,snapshot_rds,2026-08-10 03:32:13.349545984,59.0,success,0,pipeline,search-api
R-00315,restart_pod,2026-08-16 21:09:58.643200512,7.0,success,0,schedule,auth-service
R-00316,rotate_secrets,2026-08-10 22:44:11.496712960,10.0,success,1,alert,notifications
R-00317,scale_deployment,2026-09-08 02:30:01.212485120,270.0,success,0,alert,search-api
R-00318,scale_deployment,2026-09-09 03:39:03.917632512,593.0,success,1,alert,auth-service
R-00319,failover_drill,2026-08-14 06:04:28.738904064,43.0,success,0,schedule,checkout-api
R-00320,restart_pod,2026-08-24 17:11:20.903581440,96.0,success,3,schedule,notifications
R-00321,scale_deployment,2026-08-13 06:48:43.944486144,42.0,success,0,schedule,billing-worker
R-00322,snapshot_rds,2026-08-14 05:04:57.843406848,20.0,failed,3,schedule,auth-service
R-00323,restart_pod,2026-09-09 09:19:21.734848512,29.0,success,0,alert,billing-worker
R-00324,snapshot_rds,2026-09-12 18:52:31.321219584,15.0,success,1,schedule,billing-worker
R-00325,cert_renewal,2026-08-04 23:21:22.928864768,126.0,success,1,alert,billing-worker
R-00326,snapshot_rds,2026-09-06 23:32:28.589144064,61.0,success,0,alert,billing-worker
R-00327,purge_cache,2026-08-22 06:34:04.103599360,116.0,success,0,alert,search-api
R-00328,restart_pod,2026-08-04 23:48:33.279117312,136.0,success,0,schedule,billing-worker
R-00329,db_vacuum,2026-09-03 09:47:37.998451968,92.0,success,3,schedule,checkout-api
R-00330,restart_pod,2026-08-20 17:04:54.362574336,8.0,success,0,schedule,search-api
R-00331,rotate_secrets,2026-09-09 22:10:14.515756288,22.0,success,0,manual,search-api
R-00332,rotate_secrets,2026-08-19 19:53:19.313104384,44.0,success,0,pipeline,notifications
R-00333,db_vacuum,2026-08-18 14:25:14.097152768,231.0,success,0,alert,checkout-api
R-00334,failover_drill,2026-08-03 22:51:34.039472384,3053.0,success,0,alert,billing-worker
R-00335,cert_renewal,2026-09-07 07:35:37.697143808,49.0,success,0,alert,search-api
R-00336,db_vacuum,2026-08-20 23:11:22.851546112,43.0,success,0,alert,notifications
R-00337,failover_drill,2026-08-29 15:29:13.286893312,41.0,success,0,manual,search-api
R-00338,rotate_secrets,2026-08-06 21:17:48.360405760,35.0,failed,3,alert,notifications
R-00339,restart_pod,2026-08-11 16:32:28.006676736,54.0,success,3,alert,notifications
R-00340,rotate_secrets,2026-08-19 03:19:39.940315904,35.0,success,0,alert,billing-worker
R-00341,cert_renewal,2026-08-20 19:05:52.377843200,146.0,success,0,alert,checkout-api
R-00342,purge_cache,2026-08-20 12:22:39.162637056,1770.0,success,0,alert,notifications
R-00343,snapshot_rds,2026-08-19 07:33:32.116284672,138.0,failed,1,alert,auth-service
R-00344,scale_deployment,2026-08-21 05:13:01.251923712,45.0,success,0,pipeline,auth-service
R-00345,cert_renewal,2026-08-19 19:30:47.295931392,31.0,success,1,alert,auth-service
R-00346,cert_renewal,2026-09-12 13:16:23.633479680,59.0,success,1,alert,search-api
R-00347,purge_cache,2026-08-09 23:14:20.095444224,32.0,success,0,schedule,notifications
R-00348,snapshot_rds,2026-09-04 01:26:03.805574912,15.0,success,0,pipeline,search-api
R-00349,cert_renewal,2026-09-10 01:20:59.957706496,16.0,failed,3,alert,search-api
R-00350,db_vacuum,2026-08-20 13:57:21.349846272,118.0,success,3,alert,auth-service
R-00351,cert_renewal,2026-08-23 14:23:49.907501824,91.0,success,0,alert,notifications
R-00352,db_vacuum,2026-08-31 20:31:53.471809280,78.0,success,0,alert,billing-worker
R-00353,scale_deployment,2026-08-10 08:16:59.470957056,43.0,success,0,schedule,billing-worker
R-00354,snapshot_rds,2026-08-12 06:01:55.591517696,132.0,success,0,alert,notifications
R-00355,scale_deployment,2026-08-23 08:55:48.783550464,158.0,failed,1,schedule,checkout-api
R-00356,failover_drill,2026-08-21 17:42:06.684790016,36.0,success,1,schedule,search-api
R-00357,snapshot_rds,2026-08-16 07:13:20.530996736,128.0,success,0,pipeline,checkout-api
R-00358,purge_cache,2026-08-05 19:06:07.726211328,46.0,failed,3,alert,auth-service
R-00359,db_vacuum,2026-08-05 02:56:56.885682176,49.0,success,0,manual,checkout-api
R-00360,scale_deployment,2026-08-01 15:30:51.468069376,43.0,success,0,schedule,checkout-api
R-00361,purge_cache,2026-09-11 13:23:12.482107136,50.0,success,2,alert,notifications
R-00362,rotate_secrets,2026-09-02 05:20:25.959424256,3576.0,success,0,schedule,notifications
R-00363,failover_drill,2026-08-25 02:46:17.965579264,29.0,success,0,schedule,notifications
R-00364,rotate_secrets,2026-08-31 12:51:31.805311488,101.0,success,3,manual,search-api
R-00365,db_vacuum,2026-08-03 17:30:12.607858176,105.0,success,1,schedule,notifications
R-00366,rotate_secrets,2026-08-19 21:40:29.319302912,246.0,success,2,pipeline,search-api
R-00367,db_vacuum,2026-09-02 02:34:10.402750208,11.0,success,3,alert,auth-service
R-00368,restart_pod,2026-09-07 14:26:39.496385792,19.0,success,0,schedule,checkout-api
R-00369,purge_cache,2026-09-07 07:03:33.793564160,63.0,success,2,alert,search-api
R-00370,db_vacuum,2026-09-08 14:25:16.898536448,29.0,success,0,alert,notifications
R-00371,failover_drill,2026-08-11 15:36:41.562746112,-1.0,success,0,alert,checkout-api
R-00372,rotate_secrets,2026-09-14 22:38:07.683023360,18.0,success,1,manual,notifications
R-00373,cert_renewal,2026-09-02 03:13:17.163506944,45.0,success,0,manual,checkout-api
R-00374,scale_deployment,2026-08-23 14:57:59.084863232,80.0,success,3,schedule,search-api
R-00375,failover_drill,2026-09-04 10:29:50.931789056,159.0,success,0,pipeline,search-api
R-00376,purge_cache,2026-09-04 11:41:33.614499584,67.0,success,0,schedule,notifications
R-00377,db_vacuum,2026-09-04 11:17:41.950995456,50.0,success,2,schedule,search-api
R-00378,restart_pod,2026-08-04 09:44:28.658454016,131.0,success,1,pipeline,notifications
R-00379,failover_drill,2026-09-04 11:52:31.891483136,1367.0,success,0,alert,checkout-api
R-00380,purge_cache,2026-08-22 10:05:09.883329792,67.0,success,0,manual,notifications
R-00381,rotate_secrets,2026-08-08 03:30:24.438630912,30.0,success,0,schedule,auth-service
R-00382,cert_renewal,2026-08-07 05:39:15.950631680,17.0,failed,1,alert,notifications
R-00383,failover_drill,2026-09-02 05:27:03.590978560,87.0,success,0,alert,checkout-api
R-00384,snapshot_rds,2026-08-18 04:20:42.182415360,35.0,success,0,alert,checkout-api
R-00385,snapshot_rds,2026-08-19 17:00:08.754714368,78.0,timeout,2,manual,billing-worker
R-00386,snapshot_rds,2026-08-14 14:18:48.299421440,54.0,success,0,alert,search-api
R-00387,db_vacuum,2026-08-17 20:51:11.589279488,11.0,success,0,alert,notifications
R-00388,db_vacuum,2026-09-11 00:05:59.006834688,38.0,success,0,alert,billing-worker
R-00389,db_vacuum,2026-08-14 07:19:23.525670912,24.0,success,0,pipeline,notifications
R-00390,failover_drill,2026-08-21 19:45:14.697726720,112.0,success,0,alert,auth-service
R-00391,restart_pod,2026-08-10 12:39:44.461559552,408.0,success,1,schedule,notifications
R-00392,cert_renewal,2026-08-08 18:54:00.741946880,14.0,success,0,schedule,checkout-api
R-00393,restart_pod,2026-08-18 05:52:20.894205952,84.0,success,2,pipeline,auth-service
R-00394,cert_renewal,2026-08-15 15:51:07.429838848,294.0,success,2,alert,billing-worker
R-00395,scale_deployment,2026-08-20 12:28:01.339036416,38.0,success,2,pipeline,billing-worker
R-00396,scale_deployment,2026-08-13 03:18:55.512141824,67.0,success,2,manual,search-api
R-00397,rotate_secrets,2026-09-03 10:32:09.155230976,319.0,success,0,manual,search-api
R-00398,purge_cache,2026-08-19 23:53:52.367722496,54.0,success,0,alert,auth-service
R-00399,scale_deployment,2026-09-09 12:44:20.801467136,23.0,success,0,schedule,search-api
R-00400,rotate_secrets,2026-08-19 18:15:19.624510976,215.0,success,3,alert,checkout-api
R-00401,scale_deployment,2026-09-14 01:44:50.906131456,57.0,success,3,alert,billing-worker
R-00402,snapshot_rds,2026-08-07 05:21:39.840756992,27.0,success,0,manual,billing-worker
R-00403,db_vacuum,2026-09-14 17:16:10.391317248,64.0,success,2,alert,search-api
R-00404,restart_pod,2026-08-11 09:15:13.842424064,760.0,failed,2,pipeline,billing-worker
R-00405,cert_renewal,2026-08-05 03:18:51.819515648,102.0,success,0,schedule,search-api
R-00406,failover_drill,2026-09-04 20:45:42.414178816,39.0,success,3,schedule,auth-service
R-00407,scale_deployment,2026-08-21 13:55:01.290308352,16.0,success,0,alert,notifications
R-00408,failover_drill,2026-08-10 14:58:14.588187136,200.0,success,0,alert,search-api
R-00409,snapshot_rds,2026-08-02 19:09:11.188843008,31.0,success,0,schedule,auth-service
R-00410,db_vacuum,2026-08-01 16:09:19.483310080,80.0,success,0,alert,auth-service
R-00411,purge_cache,2026-08-25 20:48:14.692886272,189.0,timeout,3,alert,notifications
R-00412,snapshot_rds,2026-08-11 08:50:26.611519488,29.0,success,3,pipeline,auth-service
R-00413,scale_deployment,2026-08-05 05:59:47.219079680,2845.0,success,2,alert,checkout-api
R-00414,snapshot_rds,2026-08-24 15:15:11.666563584,3667.0,success,1,alert,notifications
R-00415,failover_drill,2026-09-14 01:31:10.543115776,38.0,success,0,alert,checkout-api
R-00416,purge_cache,2026-09-10 04:12:55.937320704,55.0,success,2,alert,checkout-api
R-00417,failover_drill,2026-08-18 09:12:59.660647936,78.0,success,2,alert,search-api
R-00418,snapshot_rds,2026-08-17 18:10:06.562223872,36.0,success,0,alert,billing-worker
R-00419,scale_deployment,2026-09-14 00:02:20.218635776,42.0,success,0,schedule,search-api
R-00420,failover_drill,2026-08-03 02:39:18.389904896,22.0,success,0,schedule,billing-worker
R-00421,db_vacuum,2026-08-17 12:25:49.839154176,133.0,success,2,alert,notifications
R-00422,restart_pod,2026-08-31 15:40:09.694270976,31.0,success,0,alert,checkout-api
R-00423,cert_renewal,2026-09-03 00:15:46.553053184,92.0,success,2,alert,billing-worker
R-00424,purge_cache,2026-08-06 05:52:21.510618112,91.0,success,0,pipeline,checkout-api
R-00425,failover_drill,2026-09-06 21:23:11.935308032,735.0,success,3,alert,notifications
R-00426,scale_deployment,2026-08-28 15:27:42.996475648,360.0,failed,3,alert,search-api
R-00427,snapshot_rds,2026-09-11 04:54:09.882702592,129.0,success,3,pipeline,auth-service
R-00428,db_vacuum,2026-08-25 20:30:56.839908096,98.0,success,2,alert,billing-worker
R-00429,scale_deployment,2026-08-25 02:02:05.298372864,1111.0,success,1,schedule,search-api
R-00430,snapshot_rds,2026-08-02 14:46:26.676025600,101.0,timeout,0,alert,auth-service
R-00431,rotate_secrets,2026-08-31 03:23:32.778263040,23.0,success,0,alert,billing-worker
R-00432,db_vacuum,2026-08-14 14:17:46.505121536,37.0,success,0,schedule,billing-worker
R-00433,scale_deployment,2026-08-01 11:15:31.475822848,318.0,success,0,schedule,notifications
R-00434,scale_deployment,2026-09-07 17:11:43.155648768,94.0,success,0,alert,auth-service
R-00435,rotate_secrets,2026-08-25 02:17:29.559993344,41.0,success,3,alert,notifications
R-00436,cert_renewal,2026-09-01 10:37:36.102600192,31.0,success,3,schedule,billing-worker
R-00437,db_vacuum,2026-08-08 22:15:56.658863104,23.0,success,0,alert,search-api
R-00438,rotate_secrets,2026-08-26 08:58:14.973543424,48.0,success,0,schedule,search-api
R-00439,cert_renewal,2026-08-03 02:29:49.451501056,77.0,timeout,0,alert,checkout-api
R-00440,snapshot_rds,2026-09-09 16:51:02.439035392,37.0,success,1,schedule,auth-service
R-00441,purge_cache,2026-08-22 20:42:10.756707072,165.0,timeout,2,schedule,search-api
R-00442,failover_drill,2026-08-18 12:18:13.239314432,112.0,failed,1,alert,billing-worker
R-00443,cert_renewal,2026-08-09 20:19:46.986226944,100000.0,success,1,alert,auth-service
R-00444,cert_renewal,2026-09-04 06:05:03.975928576,21.0,success,3,alert,notifications
R-00445,purge_cache,2026-09-02 08:32:21.948950016,29.0,timeout,0,schedule,checkout-api
R-00446,snapshot_rds,2026-08-15 02:25:31.870483456,89.0,success,1,alert,auth-service
R-00447,,2026-08-01 23:42:51.763363584,61.0,success,1,alert,search-api
R-00448,snapshot_rds,2026-08-25 09:21:13.705794816,178.0,success,0,alert,search-api
R-00449,failover_drill,2026-08-23 14:02:23.470255872,56.0,success,0,alert,auth-service
R-00450,scale_deployment,2026-08-13 20:18:15.575621120,68.0,timeout,0,manual,auth-service
R-00451,db_vacuum,2026-08-23 10:38:36.361686528,76.0,success,0,schedule,checkout-api
R-00452,cert_renewal,2026-08-19 11:39:14.727094272,53.0,success,1,pipeline,billing-worker
R-00453,scale_deployment,2026-09-02 04:46:51.854667520,53.0,success,0,alert,search-api
R-00454,db_vacuum,2026-08-11 02:34:21.091493632,58.0,success,0,alert,auth-service
R-00455,scale_deployment,2026-08-02 20:04:44.302214656,107.0,failed,3,schedule,notifications
R-00456,snapshot_rds,2026-09-03 04:05:46.098556928,119.0,success,0,alert,search-api
R-00457,purge_cache,2026-08-28 11:11:32.023162880,9.0,success,0,schedule,auth-service
R-00458,snapshot_rds,2026-09-03 09:13:40.157164800,28.0,success,0,manual,checkout-api
R-00459,scale_deployment,2026-08-21 20:13:58.994667008,259.0,success,2,alert,billing-worker
R-00460,cert_renewal,2026-08-23 08:54:14.025564416,258.0,success,0,alert,checkout-api
R-00461,cert_renewal,2026-09-06 18:00:58.074611200,80.0,success,3,schedule,notifications
R-00462,scale_deployment,2026-09-02 15:14:03.620390656,71.0,success,0,manual,notifications
R-00463,rotate_secrets,2026-09-12 09:24:59.212884736,59.0,failed,2,alert,checkout-api
R-00464,restart_pod,2026-08-07 21:20:17.015787264,62.0,success,0,alert,auth-service
R-00465,db_vacuum,2026-08-23 13:09:26.144569088,21.0,success,0,schedule,checkout-api
R-00466,scale_deployment,2026-08-06 09:34:16.632865024,37.0,success,0,alert,notifications
R-00467,scale_deployment,2026-08-23 14:37:24.247721472,135.0,success,0,alert,notifications
R-00468,db_vacuum,2026-08-05 01:32:12.270819840,52.0,timeout,1,schedule,checkout-api
R-00469,snapshot_rds,2026-08-18 05:03:52.792359936,68.0,success,0,pipeline,billing-worker
R-00470,snapshot_rds,2026-09-09 20:22:03.708091904,367.0,success,2,manual,notifications
R-00471,purge_cache,2026-08-31 20:39:02.910543360,46.0,success,3,schedule,search-api
R-00472,rotate_secrets,2026-08-28 05:40:14.618390272,34.0,failed,3,alert,billing-worker
R-00473,failover_drill,2026-09-05 09:49:45.939193088,123.0,timeout,3,schedule,billing-worker
R-00474,scale_deployment,2026-09-13 22:16:58.829787648,606.0,success,0,schedule,auth-service
R-00475,db_vacuum,2026-08-03 06:27:04.746946816,56.0,success,2,manual,auth-service
R-00476,failover_drill,2026-08-03 08:16:46.205803008,55.0,success,3,alert,auth-service
R-00477,failover_drill,2026-08-05 00:45:09.697031424,39.0,success,0,alert,checkout-api
R-00478,snapshot_rds,2026-08-29 10:08:24.222945280,77.0,success,3,manual,search-api
R-00479,db_vacuum,2026-09-03 02:37:18.081542144,26.0,success,0,pipeline,billing-worker
R-00480,scale_deployment,2026-08-02 12:55:23.941184768,17.0,success,0,manual,billing-worker
R-00481,failover_drill,2026-08-04 20:06:45.343356928,14.0,success,2,alert,search-api
R-00482,restart_pod,2026-08-23 10:31:07.301451520,18.0,success,0,alert,search-api
R-00483,rotate_secrets,2026-08-14 04:00:11.176178944,217.0,success,1,alert,notifications
R-00484,db_vacuum,2026-08-21 05:46:18.974495744,64.0,success,0,alert,checkout-api
R-00485,failover_drill,2026-09-06 15:44:33.983765248,109.0,timeout,2,pipeline,search-api
R-00486,purge_cache,2026-08-08 08:34:14.135054336,46.0,success,0,schedule,auth-service
R-00487,purge_cache,2026-08-10 06:29:21.589119232,10.0,success,0,manual,auth-service
R-00488,rotate_secrets,2026-09-06 03:53:25.802650368,21.0,success,2,alert,search-api
R-00489,db_vacuum,2026-08-27 19:20:07.710034688,118.0,success,1,schedule,search-api
R-00490,cert_renewal,2026-08-23 11:08:33.241143040,22.0,success,0,schedule,auth-service
R-00491,failover_drill,2026-09-02 03:53:36.309676288,109.0,success,2,manual,search-api
R-00492,rotate_secrets,2026-09-01 17:18:27.558440960,105.0,success,1,schedule,auth-service
R-00493,restart_pod,2026-09-07 13:34:02.685788928,250.0,success,0,schedule,billing-worker
R-00494,purge_cache,2026-09-08 16:49:20.196033792,17.0,success,3,pipeline,auth-service
R-00495,purge_cache,2026-09-13 06:34:14.909061376,17.0,success,1,alert,auth-service
R-00496,cert_renewal,2026-08-21 10:52:32.304663808,53.0,success,0,alert,search-api
R-00497,scale_deployment,2026-09-08 12:42:57.627561984,48.0,success,2,alert,auth-service
R-00498,snapshot_rds,2026-08-26 05:11:05.289734656,69.0,success,3,alert,billing-worker
R-00499,snapshot_rds,2026-08-09 16:15:36.171123712,40.0,success,0,alert,billing-worker
R-00500,cert_renewal,2026-08-08 16:32:43.478982144,18.0,success,1,alert,billing-worker
R-00501,scale_deployment,2026-08-04 11:32:45.125134848,118.0,success,2,schedule,billing-worker
R-00502,restart_pod,2026-09-01 09:06:21.646118400,23.0,timeout,1,schedule,billing-worker
R-00503,failover_drill,2026-08-20 12:00:42.720246784,24.0,success,0,alert,billing-worker
R-00504,purge_cache,2026-08-19 08:55:15.242741248,21.0,success,0,manual,search-api
R-00505,purge_cache,2026-08-01 05:56:46.421283584,85.0,success,0,alert,search-api
R-00506,cert_renewal,2026-08-03 19:06:48.347563520,11.0,success,0,schedule,notifications
R-00507,scale_deployment,2026-08-22 03:13:43.632250112,104.0,success,3,schedule,search-api
R-00508,rotate_secrets,2026-09-03 09:22:39.682290176,62.0,success,0,schedule,search-api
R-00509,cert_renewal,2026-09-06 07:01:05.981416448,27.0,success,3,alert,checkout-api
R-00510,rotate_secrets,2026-08-30 19:20:13.164492800,152.0,failed,1,alert,checkout-api
R-00511,cert_renewal,2026-08-20 06:05:47.583144960,173.0,success,2,schedule,billing-worker
R-00512,snapshot_rds,2026-08-02 11:36:01.759426304,41.0,success,1,schedule,auth-service
R-00513,db_vacuum,2026-08-08 14:56:55.356654080,39.0,success,0,alert,search-api
R-00514,db_vacuum,2026-08-26 12:37:24.330928896,10.0,success,1,schedule,auth-service
R-00515,cert_renewal,2026-08-03 04:39:36.959471872,52.0,success,0,manual,billing-worker
R-00516,failover_drill,2026-09-12 18:05:10.681160704,21.0,failed,1,schedule,checkout-api
R-00517,rotate_secrets,2026-08-31 19:33:29.241356288,25.0,success,2,alert,notifications
R-00518,rotate_secrets,2026-08-28 23:43:46.512296704,76.0,success,1,alert,checkout-api
R-00519,failover_drill,2026-08-31 05:22:04.365315072,314.0,success,0,alert,search-api
R-00520,snapshot_rds,2026-08-25 18:39:26.680625152,100.0,success,2,alert,notifications
R-00521,scale_deployment,2026-08-11 06:38:14.943413248,142.0,success,0,alert,auth-service
R-00522,purge_cache,2026-08-02 19:00:40.160067328,272.0,success,0,alert,search-api
R-00523,failover_drill,2026-08-17 05:49:37.684033024,19.0,success,0,alert,search-api
R-00524,scale_deployment,2026-08-31 09:13:44.276762880,135.0,success,1,schedule,billing-worker
R-00525,snapshot_rds,2026-08-06 09:00:54.236104704,137.0,success,0,alert,notifications
R-00526,purge_cache,2026-08-27 00:44:55.653896704,100000.0,success,0,alert,notifications
R-00527,purge_cache,2026-08-01 02:17:21.308548096,16.0,failed,3,pipeline,checkout-api
R-00528,failover_drill,2026-08-17 13:28:35.731738368,84.0,success,1,schedule,billing-worker
R-00529,scale_deployment,2026-09-08 20:18:35.364696320,43.0,success,0,alert,billing-worker
R-00530,db_vacuum,2026-08-05 02:31:07.832712704,14.0,success,3,schedule,search-api
R-00531,restart_pod,2026-09-01 06:55:36.504665344,52.0,success,2,schedule,checkout-api
R-00532,snapshot_rds,2026-09-05 04:27:11.649538304,44.0,timeout,0,manual,auth-service
R-00533,db_vacuum,2026-08-08 17:36:36.637833984,70.0,success,0,pipeline,billing-worker
R-00534,restart_pod,2026-08-29 19:06:55.670840576,132.0,failed,1,schedule,billing-worker
R-00535,scale_deployment,2026-08-05 04:18:34.080237312,9.0,success,0,alert,billing-worker
R-00536,db_vacuum,2026-08-10 13:08:50.235680768,15.0,success,0,alert,billing-worker
R-00537,rotate_secrets,2026-08-26 19:51:34.198837504,81.0,success,0,pipeline,billing-worker
R-00538,restart_pod,2026-08-18 17:38:14.594247680,36.0,success,0,manual,auth-service
R-00539,snapshot_rds,2026-08-11 08:03:21.792060416,199.0,success,2,pipeline,billing-worker
R-00540,purge_cache,2026-08-20 10:36:39.584630016,246.0,success,1,alert,checkout-api
R-00541,scale_deployment,2026-08-03 15:15:51.894281216,120.0,success,0,schedule,search-api
R-00542,rotate_secrets,2026-09-02 23:56:24.837131008,106.0,success,3,pipeline,notifications
R-00543,db_vacuum,2026-09-05 16:26:39.314702336,7.0,success,0,manual,search-api
R-00544,failover_drill,2026-08-21 23:10:23.974477056,118.0,timeout,0,alert,billing-worker
R-00545,restart_pod,2026-08-02 09:51:22.912542208,16.0,success,2,alert,auth-service
R-00546,failover_drill,2026-08-28 07:20:16.315133696,53.0,success,0,manual,auth-service
R-00547,restart_pod,2026-08-04 09:28:59.292738304,100.0,success,0,pipeline,checkout-api
R-00548,snapshot_rds,2026-09-04 10:55:30.907331840,41.0,success,0,pipeline,notifications
R-00549,scale_deployment,2026-09-02 19:14:31.753709824,340.0,success,1,pipeline,billing-worker
R-00550,purge_cache,2026-08-08 22:02:18.936762112,1148.0,success,0,alert,billing-worker
R-00551,db_vacuum,2026-08-27 17:59:46.726163456,43.0,success,2,alert,search-api
R-00552,cert_renewal,2026-09-14 04:51:17.619260672,30.0,failed,1,alert,notifications
R-00553,restart_pod,2026-08-03 22:47:43.072484608,67.0,success,1,alert,auth-service
R-00554,snapshot_rds,2026-09-13 15:14:24.592945664,6.0,success,1,alert,billing-worker
R-00555,cert_renewal,2026-08-11 04:33:07.512796160,14.0,failed,3,schedule,billing-worker
R-00556,db_vacuum,2026-08-18 07:12:12.363907840,51.0,success,2,schedule,checkout-api
R-00557,restart_pod,2026-09-09 08:14:04.283370752,259.0,success,1,manual,billing-worker
R-00558,db_vacuum,2026-09-07 20:10:33.535798528,82.0,success,2,manual,billing-worker
R-00559,cert_renewal,2026-08-31 09:34:49.334412800,175.0,failed,1,pipeline,checkout-api
R-00560,scale_deployment,2026-08-12 17:05:53.626410752,246.0,success,0,manual,billing-worker
R-00561,rotate_secrets,2026-09-01 03:08:09.614897408,236.0,success,0,manual,auth-service
R-00562,db_vacuum,2026-08-30 05:07:24.652485376,49.0,failed,2,alert,notifications
R-00563,snapshot_rds,2026-08-29 20:12:50.353266176,30.0,success,0,alert,billing-worker
R-00564,scale_deployment,2026-09-06 00:46:34.763833088,29.0,success,0,alert,search-api
R-00565,rotate_secrets,2026-08-24 02:07:27.538041600,21.0,timeout,0,schedule,notifications
R-00566,restart_pod,2026-08-19 04:48:44.063458560,29.0,success,0,schedule,auth-service
R-00567,cert_renewal,2026-08-17 14:56:30.467922944,31.0,success,1,alert,search-api
R-00568,failover_drill,2026-08-17 07:46:59.909135616,28.0,success,0,manual,checkout-api
R-00569,scale_deployment,2026-08-20 11:57:59.029159168,16.0,timeout,0,schedule,notifications
R-00570,scale_deployment,2026-09-14 20:16:09.568761600,53.0,success,0,schedule,notifications
R-00571,purge_cache,2026-08-28 06:58:44.389176064,30.0,success,0,alert,checkout-api
R-00572,purge_cache,2026-09-04 04:24:24.975199744,27.0,success,0,schedule,search-api
R-00573,snapshot_rds,2026-08-26 07:54:22.938822912,86401.0,success,0,pipeline,notifications
R-00574,scale_deployment,2026-08-21 20:40:23.885772288,16.0,success,1,schedule,checkout-api
R-00575,restart_pod,2026-08-16 17:49:40.402139648,49.0,success,0,manual,billing-worker
R-00576,failover_drill,2026-08-03 04:49:15.331087872,49.0,success,0,schedule,billing-worker
R-00577,rotate_secrets,2026-09-10 22:27:37.203537408,56.0,success,0,alert,auth-service
R-00578,rotate_secrets,2026-08-13 14:16:36.974858496,66.0,success,3,alert,notifications
R-00579,db_vacuum,2026-08-27 15:15:35.336867072,3.0,success,0,alert,billing-worker
R-00580,rotate_secrets,2026-08-07 01:36:14.720206592,141.0,success,0,alert,search-api
R-00581,purge_cache,2026-08-09 06:50:47.115151104,86401.0,success,1,pipeline,auth-service
R-00582,db_vacuum,2026-08-09 15:15:55.708039936,18.0,success,0,alert,notifications
R-00583,failover_drill,2026-09-10 12:16:09.397152768,130.0,success,3,pipeline,notifications
R-00584,cert_renewal,2026-08-27 05:03:29.571642112,69.0,success,2,schedule,auth-service
R-00585,purge_cache,2026-08-05 16:20:38.475875584,54.0,success,0,alert,notifications
R-00586,cert_renewal,2026-09-14 22:17:15.708409344,63.0,failed,2,alert,checkout-api
R-00587,scale_deployment,2026-09-07 15:21:18.570518528,23.0,success,0,alert,checkout-api
R-00588,snapshot_rds,2026-08-16 06:22:32.174548480,22.0,success,0,alert,checkout-api
R-00589,snapshot_rds,2026-08-09 07:56:43.913518848,109.0,success,0,schedule,search-api
R-00590,db_vacuum,2026-08-17 04:55:42.074608896,49.0,success,0,schedule,billing-worker
R-00591,cert_renewal,2026-08-24 19:36:41.095464704,77.0,success,0,schedule,auth-service
R-00592,failover_drill,2026-09-02 17:17:52.175492608,75.0,success,0,schedule,notifications
R-00593,restart_pod,2026-08-20 13:07:50.650170112,67.0,success,1,schedule,search-api
R-00594,failover_drill,2026-08-25 01:59:43.010260736,57.0,success,3,schedule,auth-service
R-00595,db_vacuum,2026-08-18 11:38:11.004367872,103.0,timeout,2,alert,billing-worker
R-00596,purge_cache,2026-08-16 02:39:34.961644288,118.0,success,0,alert,checkout-api
R-00597,scale_deployment,2026-08-22 01:47:04.527331328,44.0,failed,3,manual,auth-service
R-00598,restart_pod,2026-09-06 00:32:02.351297280,58.0,success,0,alert,checkout-api
R-00599,rotate_secrets,2026-09-02 11:55:22.551935488,237.0,success,1,alert,search-api
R-00600,cert_renewal,2026-08-20 15:22:39.584723968,134.0,success,2,pipeline,checkout-api
R-00601,cert_renewal,2026-08-28 05:04:14.857903616,100000.0,success,1,alert,notifications
R-00602,snapshot_rds,2026-09-08 14:23:30.377575936,142.0,failed,2,manual,search-api
R-00603,db_vacuum,2026-08-21 01:25:01.733846784,-10.0,success,0,manual,auth-service
R-00604,db_vacuum,2026-08-31 01:53:45.157123072,76.0,success,0,schedule,billing-worker
R-00605,rotate_secrets,2026-08-18 05:41:52.198964736,47.0,failed,1,alert,notifications
R-00606,snapshot_rds,2026-08-20 14:20:10.670776832,27.0,failed,3,pipeline,notifications
R-00607,restart_pod,2026-08-23 02:28:27.968086272,17.0,success,1,alert,auth-service
R-00608,cert_renewal,2026-09-05 08:04:51.921127936,6.0,success,3,alert,checkout-api
R-00609,cert_renewal,2026-08-30 06:57:15.904995072,473.0,success,2,alert,auth-service
R-00610,db_vacuum,2026-08-14 14:04:10.175103488,26.0,success,0,alert,billing-worker
R-00611,snapshot_rds,2026-08-05 02:19:00.446944512,32.0,success,0,alert,auth-service
R-00612,purge_cache,2026-09-11 09:54:16.526141696,94.0,success,1,pipeline,search-api
R-00613,purge_cache,2026-09-01 18:53:36.452663808,835.0,success,3,schedule,notifications
R-00614,scale_deployment,2026-08-05 08:57:50.923773696,86.0,failed,3,alert,checkout-api
R-00615,purge_cache,2026-08-06 15:49:04.416282880,57.0,success,0,alert,auth-service
R-00616,failover_drill,2026-09-08 02:42:39.368203264,38.0,success,0,alert,checkout-api
R-00617,restart_pod,2026-08-30 01:37:25.790058240,226.0,success,0,schedule,auth-service
R-00618,snapshot_rds,2026-08-09 18:08:05.771171584,58.0,success,0,alert,search-api
R-00619,restart_pod,2026-09-01 08:23:07.773195264,39.0,success,3,alert,auth-service
R-00620,rotate_secrets,2026-08-04 02:41:17.239229184,38.0,success,0,schedule,billing-worker
R-00621,restart_pod,2026-08-09 15:19:01.784745472,21.0,success,0,alert,notifications
R-00622,restart_pod,2026-08-17 09:02:21.098778624,97.0,success,0,alert,auth-service
R-00623,restart_pod,2026-08-20 22:50:50.487580672,14.0,success,1,schedule,notifications
R-00624,snapshot_rds,2026-09-12 19:07:32.359550976,100000.0,timeout,1,alert,checkout-api
R-00625,db_vacuum,2026-08-05 16:19:29.154915584,48.0,success,1,alert,search-api
R-00626,snapshot_rds,2026-09-14 14:53:11.738520576,412.0,success,0,schedule,billing-worker
R-00627,purge_cache,2026-08-31 09:21:47.051346944,17.0,success,3,alert,billing-worker
R-00628,scale_deployment,2026-09-01 20:48:45.942816512,43.0,success,0,alert,checkout-api
R-00629,rotate_secrets,2026-09-13 11:46:32.894784256,22.0,success,0,alert,search-api
R-00630,purge_cache,2026-08-04 21:22:14.576355072,160.0,success,0,schedule,notifications
R-00631,failover_drill,2026-09-10 13:23:08.245230080,1680.0,success,0,schedule,auth-service
R-00632,rotate_secrets,2026-09-01 00:44:25.772429312,57.0,success,0,schedule,checkout-api
R-00633,rotate_secrets,2026-08-03 20:58:12.278512128,45.0,success,0,schedule,billing-worker
R-00634,restart_pod,2026-08-17 23:08:04.980724992,105.0,timeout,0,alert,checkout-api
R-00635,scale_deployment,2026-09-03 07:43:21.659340288,57.0,success,1,pipeline,search-api
R-00636,failover_drill,2026-08-10 01:47:17.275166976,44.0,success,0,manual,billing-worker
R-00637,restart_pod,2026-09-13 00:43:32.853222656,-1.0,success,0,schedule,auth-service
R-00638,restart_pod,2026-09-09 21:09:43.349495552,17.0,success,0,alert,search-api
R-00639,db_vacuum,2026-08-16 03:25:54.789256192,19.0,success,0,alert,checkout-api
R-00640,scale_deployment,2026-08-08 03:01:52.008068608,44.0,success,0,alert,auth-service
R-00641,failover_drill,2026-09-06 15:55:53.490456064,12.0,success,2,alert,checkout-api
R-00642,rotate_secrets,2026-08-20 23:06:04.157259776,21.0,success,3,alert,checkout-api
R-00643,rotate_secrets,2026-08-03 04:40:01.681313280,291.0,success,0,schedule,billing-worker
R-00644,cert_renewal,2026-08-13 12:40:59.928408832,44.0,success,1,schedule,search-api
R-00645,restart_pod,2026-09-11 08:11:06.296874496,43.0,success,0,alert,auth-service
R-00646,cert_renewal,2026-08-31 04:15:58.871036416,86401.0,failed,3,schedule,auth-service
R-00647,rotate_secrets,2026-09-10 02:17:53.019689728,144.0,success,3,alert,notifications
R-00648,cert_renewal,2026-08-13 07:37:02.194872576,18.0,success,3,alert,checkout-api
R-00649,db_vacuum,2026-08-17 14:56:23.064736768,237.0,success,3,schedule,checkout-api
R-00650,db_vacuum,2026-08-06 19:27:35.975961856,49.0,success,0,pipeline,search-api
R-00651,rotate_secrets,2026-08-06 07:48:28.050083328,45.0,success,2,pipeline,checkout-api
R-00652,db_vacuum,2026-08-08 05:19:33.009636096,32.0,success,0,alert,notifications
R-00653,purge_cache,2026-08-12 13:11:07.795952384,48.0,success,1,pipeline,search-api
R-00654,scale_deployment,2026-09-08 01:31:39.375482880,86.0,success,3,manual,auth-service
R-00655,restart_pod,2026-08-11 16:37:44.365405184,47.0,success,0,alert,search-api
R-00656,rotate_secrets,2026-08-20 14:36:52.008227840,105.0,success,1,manual,checkout-api
R-00657,scale_deployment,2026-08-29 19:06:18.027428864,70.0,success,0,schedule,billing-worker
R-00658,restart_pod,2026-08-26 05:47:18.471070208,80.0,success,0,schedule,billing-worker
R-00659,db_vacuum,2026-08-12 02:42:28.563377152,5118.0,success,0,pipeline,search-api
R-00660,failover_drill,2026-08-08 11:29:58.382636032,105.0,success,1,schedule,checkout-api
R-00661,failover_drill,2026-08-03 02:14:28.434436608,38.0,success,0,pipeline,search-api
R-00662,scale_deployment,2026-09-05 07:03:53.137629696,53.0,failed,3,schedule,checkout-api
R-00663,cert_renewal,2026-09-04 08:48:18.337030912,241.0,success,0,alert,notifications
R-00664,scale_deployment,2026-09-04 03:04:21.183444736,91.0,success,2,alert,auth-service
R-00665,failover_drill,2026-08-13 16:52:59.682705408,159.0,success,3,alert,notifications
R-00666,snapshot_rds,2026-09-01 08:26:51.459469056,30.0,success,1,alert,billing-worker
R-00667,scale_deployment,2026-08-28 20:26:33.455264512,48.0,timeout,0,alert,search-api
R-00668,db_vacuum,2026-08-15 22:45:20.048177920,81.0,success,0,alert,checkout-api
R-00669,restart_pod,2026-09-06 14:31:27.944986624,18.0,success,1,pipeline,search-api
R-00670,cert_renewal,2026-08-08 07:50:12.654705408,26.0,success,0,pipeline,auth-service
R-00671,rotate_secrets,2026-08-10 07:33:45.005139968,221.0,success,0,pipeline,billing-worker
R-00672,cert_renewal,2026-08-08 19:22:34.167957248,29.0,success,3,alert,auth-service
R-00673,db_vacuum,2026-09-12 04:07:53.271934464,248.0,success,0,schedule,search-api
R-00674,purge_cache,2026-08-17 13:57:57.066750720,35.0,success,2,schedule,notifications
R-00675,failover_drill,2026-08-16 19:29:09.652899584,36.0,success,0,schedule,checkout-api
R-00676,rotate_secrets,2026-09-02 12:51:00.375623680,42.0,success,1,manual,billing-worker
R-00677,snapshot_rds,2026-08-04 07:47:33.222804992,6.0,success,1,schedule,billing-worker
R-00678,snapshot_rds,2026-08-26 17:21:55.234687232,57.0,success,0,schedule,checkout-api
R-00679,restart_pod,2026-08-09 17:57:51.330440448,65.0,success,0,alert,billing-worker
R-00680,failover_drill,2026-09-10 00:00:56.094420224,29.0,success,1,alert,checkout-api
R-00681,scale_deployment,2026-08-13 10:08:29.766126848,53.0,failed,1,schedule,billing-worker
R-00682,purge_cache,2026-08-08 13:43:15.410797824,45.0,success,0,schedule,search-api
R-00683,cert_renewal,2026-08-01 16:18:01.708576768,35.0,timeout,3,alert,checkout-api
R-00684,scale_deployment,2026-08-03 16:56:41.026082304,60.0,success,0,alert,checkout-api
R-00685,db_vacuum,2026-08-20 16:19:54.327682304,167.0,success,1,schedule,checkout-api
R-00686,snapshot_rds,2026-09-07 08:57:08.529877504,19.0,failed,3,manual,billing-worker
R-00687,scale_deployment,2026-09-09 18:13:12.435971328,26.0,success,0,alert,search-api
R-00688,db_vacuum,2026-09-12 03:44:19.825252096,127.0,success,1,alert,billing-worker
R-00689,purge_cache,2026-08-01 04:29:32.347812864,43.0,success,1,alert,search-api
R-00690,restart_pod,2026-08-15 02:33:00.008656384,61.0,failed,3,manual,auth-service
R-00691,purge_cache,2026-08-05 15:15:12.501938432,17.0,success,0,schedule,search-api
R-00692,scale_deployment,2026-08-23 23:07:40.131043328,76.0,success,3,alert,search-api
R-00693,restart_pod,2026-08-20 13:35:23.017739008,57.0,timeout,1,manual,auth-service
R-00694,purge_cache,2026-08-19 15:49:07.933792000,32.0,success,2,alert,billing-worker
R-00695,failover_drill,2026-08-28 05:24:30.219831552,781.0,timeout,0,schedule,billing-worker
R-00696,db_vacuum,2026-08-16 21:46:13.159996416,32.0,success,1,alert,notifications
R-00697,failover_drill,2026-09-12 01:57:12.483143168,23.0,success,0,alert,auth-service
R-00698,rotate_secrets,2026-09-10 06:29:05.719701504,153.0,success,0,schedule,checkout-api
R-00699,scale_deployment,2026-09-08 19:46:45.456489728,40.0,timeout,2,alert,search-api
R-00700,rotate_secrets,2026-08-13 10:33:07.368600320,309.0,success,1,alert,search-api
R-00701,scale_deployment,2026-08-19 16:19:46.064148736,31.0,success,0,pipeline,checkout-api
R-00702,restart_pod,2026-08-12 16:24:56.792904448,157.0,failed,2,schedule,search-api
R-00703,purge_cache,2026-08-02 13:46:13.650159104,20.0,success,0,schedule,auth-service
R-00704,purge_cache,2026-08-11 15:00:24.016942848,53.0,success,1,alert,checkout-api
R-00705,db_vacuum,2026-08-28 12:43:34.915370240,15.0,success,0,alert,auth-service
R-00706,snapshot_rds,2026-08-18 08:11:12.817128448,76.0,success,0,schedule,billing-worker
R-00707,cert_renewal,2026-09-06 14:03:30.536720640,106.0,success,1,alert,billing-worker
R-00708,rotate_secrets,2026-09-07 01:57:52.891832576,51.0,success,0,alert,checkout-api
R-00709,cert_renewal,2026-08-08 11:36:24.043251968,89.0,success,1,pipeline,auth-service
R-00710,purge_cache,2026-09-01 12:56:57.525775616,58.0,timeout,1,pipeline,auth-service
R-00711,restart_pod,2026-08-27 22:48:55.479875072,45.0,success,0,schedule,notifications
R-00712,rotate_secrets,2026-08-10 13:15:07.279545600,200.0,success,0,alert,auth-service
R-00713,snapshot_rds,2026-08-30 14:25:22.450030592,25.0,success,2,alert,checkout-api
R-00714,purge_cache,2026-08-11 14:13:41.170633984,28.0,success,0,schedule,auth-service
R-00715,cert_renewal,2026-09-08 09:04:03.144066560,111.0,success,1,alert,search-api
R-00716,cert_renewal,2026-08-14 04:28:41.313870848,109.0,success,0,alert,billing-worker
R-00717,failover_drill,2026-08-05 23:53:08.769960704,45.0,success,0,pipeline,checkout-api
R-00718,snapshot_rds,2026-08-30 02:14:51.378141184,101.0,success,0,alert,search-api
R-00719,restart_pod,2026-08-12 04:13:25.697140480,118.0,success,2,alert,billing-worker
R-00720,rotate_secrets,2026-08-21 04:23:52.052981504,63.0,success,2,alert,checkout-api
R-00721,rotate_secrets,2026-08-26 10:13:24.376322816,277.0,success,3,schedule,auth-service
R-00722,restart_pod,2026-09-09 06:37:20.808747264,19.0,success,0,schedule,auth-service
R-00723,failover_drill,2026-08-01 09:37:15.204755968,57.0,success,0,manual,notifications
R-00724,db_vacuum,2026-08-11 10:42:45.075978240,38.0,success,3,alert,billing-worker
R-00725,snapshot_rds,2026-09-14 20:42:02.222040064,54.0,success,0,schedule,notifications
R-00726,purge_cache,2026-08-25 14:03:25.828116736,5144.0,success,3,schedule,billing-worker
R-00727,rotate_secrets,2026-09-14 00:34:31.870657024,33.0,success,1,alert,search-api
R-00728,restart_pod,2026-08-08 10:18:47.885725184,6903.0,success,0,schedule,checkout-api
R-00729,rotate_secrets,2026-08-29 07:04:47.522741248,97.0,success,0,schedule,auth-service
R-00730,failover_drill,2026-09-06 02:17:44.342859264,181.0,success,0,schedule,billing-worker
R-00731,rotate_secrets,2026-08-27 13:59:10.202907136,-1.0,failed,3,alert,auth-service
R-00732,snapshot_rds,2026-08-21 17:28:15.743390208,9.0,timeout,0,alert,search-api
R-00733,rotate_secrets,2026-08-23 11:14:08.914976768,69.0,success,1,schedule,checkout-api
R-00734,db_vacuum,2026-08-01 19:15:45.782900224,100000.0,success,3,schedule,billing-worker
R-00735,scale_deployment,2026-09-06 17:37:00.769574912,63.0,success,3,alert,auth-service
R-00736,scale_deployment,2026-08-04 21:01:31.689920768,28.0,success,0,pipeline,billing-worker
R-00737,rotate_secrets,2026-08-11 17:53:33.793498368,46.0,success,3,pipeline,search-api
R-00738,restart_pod,2026-08-12 17:16:36.387707904,38.0,success,0,manual,search-api
R-00739,restart_pod,2026-08-25 08:02:42.535464448,67.0,success,3,alert,search-api
R-00740,snapshot_rds,2026-08-04 00:13:24.466089728,57.0,success,0,alert,billing-worker
R-00741,snapshot_rds,2026-08-16 21:43:23.847101952,604.0,success,0,alert,search-api
R-00742,restart_pod,2026-08-06 12:24:14.678815488,5.0,success,0,alert,auth-service
R-00743,snapshot_rds,2026-08-23 02:55:04.658054656,11.0,success,1,schedule,notifications
R-00744,restart_pod,2026-09-08 02:15:57.842540544,60.0,success,0,schedule,notifications
R-00745,purge_cache,2026-08-06 14:45:10.847952384,58.0,failed,1,schedule,search-api
R-00746,db_vacuum,2026-09-11 00:01:02.431993088,207.0,success,0,manual,checkout-api
R-00747,purge_cache,2026-08-28 19:14:58.106089728,75.0,success,1,manual,auth-service
R-00748,purge_cache,2026-09-14 10:06:50.408472064,233.0,success,3,alert,notifications
R-00749,scale_deployment,2026-08-02 01:42:18.403288576,45.0,success,0,alert,checkout-api
R-00750,snapshot_rds,2026-09-04 20:28:27.026215936,88.0,success,0,schedule,checkout-api
R-00751,snapshot_rds,2026-08-31 02:53:18.195251456,108.0,success,1,alert,billing-worker
R-00752,db_vacuum,2026-08-20 00:54:29.010425088,169.0,success,0,alert,checkout-api
R-00753,cert_renewal,2026-08-18 15:49:25.552756480,218.0,success,1,schedule,checkout-api
R-00754,restart_pod,2026-08-28 01:37:14.660243456,71.0,success,0,schedule,auth-service
R-00755,scale_deployment,2026-08-11 10:10:00.459440640,61.0,success,0,pipeline,checkout-api
R-00756,db_vacuum,2026-08-12 08:44:34.388643072,27.0,success,1,schedule,billing-worker
R-00757,snapshot_rds,2026-08-07 03:19:12.741274624,91.0,success,3,alert,checkout-api
R-00758,db_vacuum,2026-08-09 04:45:22.472091904,86401.0,success,0,alert,search-api
R-00759,scale_deployment,2026-09-12 13:22:49.614845952,29.0,success,1,alert,search-api
R-00760,failover_drill,2026-09-10 18:30:49.385164032,197.0,success,2,alert,billing-worker
R-00761,purge_cache,2026-08-09 18:31:10.616481280,11.0,success,0,alert,auth-service
R-00762,rotate_secrets,2026-08-16 04:39:54.014382336,137.0,success,1,schedule,checkout-api
R-00763,scale_deployment,2026-08-08 19:04:50.543986432,67.0,timeout,0,pipeline,search-api
R-00764,snapshot_rds,2026-08-27 10:19:51.832968704,82.0,success,0,schedule,search-api
R-00765,scale_deployment,2026-08-23 17:10:41.301112832,13.0,success,3,schedule,checkout-api
R-00766,purge_cache,2026-08-25 10:44:31.946256384,86.0,success,1,alert,auth-service
R-00767,purge_cache,2026-09-04 11:26:55.055405056,42.0,success,0,alert,search-api
R-00768,scale_deployment,2026-08-29 07:40:22.521672704,66.0,success,3,schedule,search-api
R-00769,scale_deployment,2026-08-06 03:42:36.521010688,47.0,success,0,alert,billing-worker
R-00770,failover_drill,2026-08-16 13:38:09.171144192,17.0,success,1,alert,auth-service
R-00771,cert_renewal,2026-09-06 21:37:34.408290304,56.0,success,1,pipeline,billing-worker
R-00772,restart_pod,2026-09-08 09:24:44.395940864,84.0,success,1,pipeline,checkout-api
R-00773,snapshot_rds,2026-08-15 08:19:13.225078528,17.0,success,0,schedule,notifications
R-00774,restart_pod,2026-08-09 07:46:09.923817984,142.0,success,3,alert,search-api
R-00775,rotate_secrets,2026-08-27 14:29:08.360137728,52.0,success,0,alert,billing-worker
R-00776,purge_cache,2026-08-07 15:57:29.807009792,58.0,timeout,1,alert,notifications
R-00777,scale_deployment,2026-08-11 03:25:31.248364288,65.0,success,0,schedule,auth-service
R-00778,db_vacuum,2026-08-31 13:56:32.507572736,37.0,success,2,alert,notifications
R-00779,db_vacuum,2026-09-07 07:15:01.567095040,64.0,success,0,schedule,checkout-api
R-00780,db_vacuum,2026-09-12 10:54:42.077709312,47.0,success,3,alert,auth-service
R-00781,restart_pod,2026-08-15 03:15:17.499957504,512.0,success,0,alert,search-api
R-00782,failover_drill,2026-08-12 20:38:25.154976256,480.0,success,0,manual,search-api
R-00783,cert_renewal,2026-08-23 14:48:30.263918592,35.0,success,2,alert,notifications
R-00784,cert_renewal,2026-08-09 20:48:45.999977472,24.0,success,2,alert,search-api
R-00785,cert_renewal,2026-08-30 12:28:18.625426944,129.0,success,2,schedule,checkout-api
R-00786,scale_deployment,2026-08-21 10:13:23.322320640,2.0,success,0,schedule,notifications
R-00787,rotate_secrets,2026-09-13 19:01:28.942126336,56.0,failed,3,schedule,billing-worker
R-00788,restart_pod,2026-08-04 15:14:37.935216640,174.0,success,0,alert,notifications
R-00789,purge_cache,2026-08-07 01:56:46.261020672,56.0,success,0,pipeline,auth-service
R-00790,scale_deployment,2026-08-04 20:54:34.576100096,148.0,success,0,schedule,checkout-api
R-00791,db_vacuum,2026-08-20 06:34:58.660341504,81.0,success,0,schedule,checkout-api
R-00792,purge_cache,2026-09-05 21:42:50.127511808,17.0,failed,3,schedule,notifications
R-00793,cert_renewal,2026-08-22 12:18:35.644692224,168.0,success,0,schedule,billing-worker
R-00794,rotate_secrets,2026-08-12 03:48:19.686869248,26.0,success,0,alert,billing-worker
R-00795,snapshot_rds,2026-09-08 19:35:57.363110144,62.0,success,3,alert,notifications
R-00796,,2026-09-14 18:32:06.968284928,145.0,failed,3,schedule,search-api
R-00797,rotate_secrets,2026-08-02 01:06:58.923126016,86.0,success,3,alert,billing-worker
R-00798,scale_deployment,2026-09-05 20:19:32.403049984,51.0,success,1,manual,notifications
R-00799,scale_deployment,2026-08-09 07:15:28.834973696,33.0,timeout,0,alert,auth-service
R-00800,failover_drill,2026-08-25 06:21:53.804080640,61.0,success,2,schedule,notifications
R-00801,purge_cache,2026-08-07 11:39:48.636129280,14.0,success,2,alert,auth-service
R-00802,scale_deployment,2026-08-10 08:24:07.087056384,51.0,success,2,schedule,notifications
R-00803,snapshot_rds,2026-08-18 06:38:30.730714880,139.0,success,0,alert,billing-worker
R-00804,scale_deployment,2026-09-12 00:44:36.247299072,24.0,timeout,0,alert,billing-worker
R-00805,rotate_secrets,2026-08-02 16:11:54.831848192,109.0,success,0,pipeline,auth-service
R-00806,rotate_secrets,2026-08-03 06:27:56.338933760,95.0,success,0,schedule,search-api
R-00807,snapshot_rds,2026-08-20 17:34:38.350758656,30.0,success,0,schedule,auth-service
R-00808,snapshot_rds,2026-09-04 01:47:51.662459136,64.0,success,0,alert,search-api
R-00809,cert_renewal,2026-08-13 19:54:26.893308160,37.0,success,2,alert,search-api
R-00810,snapshot_rds,2026-08-10 23:00:16.482070528,40.0,success,0,manual,notifications
R-00811,snapshot_rds,2026-08-11 19:52:44.614236160,39.0,success,1,alert,billing-worker
R-00812,scale_deployment,2026-08-05 13:39:29.779820288,135.0,success,2,alert,search-api
R-00813,snapshot_rds,2026-08-04 15:51:53.281092096,113.0,success,1,schedule,checkout-api
R-00814,db_vacuum,2026-08-08 20:24:11.033398016,43.0,success,0,alert,auth-service
R-00815,purge_cache,2026-09-09 13:19:30.216555776,106.0,success,2,alert,notifications
R-00816,restart_pod,2026-08-26 04:53:15.038777600,29.0,success,2,schedule,auth-service
R-00817,failover_drill,2026-08-03 02:32:45.893303296,13.0,success,0,pipeline,notifications
R-00818,scale_deployment,2026-08-15 12:06:24.480442368,77.0,success,0,alert,notifications
R-00819,rotate_secrets,2026-09-13 17:29:40.661389312,100.0,success,0,schedule,checkout-api
R-00820,failover_drill,2026-08-03 02:30:53.861223680,69.0,success,0,schedule,checkout-api
R-00821,restart_pod,2026-08-27 11:49:33.177294080,71.0,success,2,schedule,auth-service
R-00822,restart_pod,2026-08-24 07:27:33.793201920,95.0,success,2,manual,checkout-api
R-00823,purge_cache,2026-08-15 11:48:13.647542784,20.0,success,0,schedule,search-api
R-00824,purge_cache,2026-08-07 11:13:44.913813504,135.0,success,3,schedule,notifications
R-00825,rotate_secrets,2026-09-14 13:20:06.365609728,10.0,failed,3,pipeline,billing-worker
R-00826,cert_renewal,2026-08-10 13:07:40.477254912,58.0,timeout,0,alert,billing-worker
R-00827,rotate_secrets,2026-08-29 05:01:59.638998784,13.0,success,0,alert,billing-worker
R-00828,cert_renewal,2026-08-31 12:11:22.942162688,57.0,timeout,0,manual,billing-worker
R-00829,purge_cache,2026-08-27 13:31:51.515622656,76.0,success,3,alert,notifications
R-00830,restart_pod,2026-09-04 19:27:10.661606912,57.0,success,2,alert,checkout-api
R-00831,scale_deployment,2026-08-07 08:28:45.906836480,53.0,success,1,schedule,search-api
R-00832,scale_deployment,2026-09-02 05:40:39.934981376,93.0,success,2,alert,checkout-api
R-00833,snapshot_rds,2026-08-23 13:21:24.654211584,22.0,timeout,0,alert,auth-service
R-00834,cert_renewal,2026-08-16 16:11:18.045742080,112.0,success,2,schedule,search-api
R-00835,purge_cache,2026-08-28 00:58:28.726370560,,failed,1,alert,auth-service
R-00836,snapshot_rds,2026-09-03 03:18:35.985428224,110.0,success,0,schedule,search-api
R-00837,snapshot_rds,2026-08-22 01:05:48.626261248,510.0,success,2,manual,checkout-api
R-00838,restart_pod,2026-08-16 08:32:47.311290880,32.0,success,0,schedule,notifications
R-00839,purge_cache,2026-08-27 03:09:02.726084864,92.0,failed,2,alert,billing-worker
R-00840,failover_drill,2026-08-27 14:09:09.974319360,30.0,failed,3,alert,search-api
R-00841,snapshot_rds,2026-09-12 13:51:01.457173760,24.0,success,2,alert,search-api
R-00842,purge_cache,2026-08-21 22:26:40.515542016,3.0,success,0,alert,checkout-api
R-00843,cert_renewal,2026-08-12 02:46:47.028252416,28.0,failed,3,alert,auth-service
R-00844,rotate_secrets,2026-08-10 16:18:14.318953472,34.0,success,2,schedule,billing-worker
R-00845,failover_drill,2026-08-05 21:49:33.683353856,165.0,success,0,manual,checkout-api
R-00846,restart_pod,2026-09-13 18:32:28.205874688,30.0,success,2,schedule,checkout-api
R-00847,cert_renewal,2026-08-04 04:11:27.379179520,26.0,success,2,pipeline,checkout-api
R-00848,scale_deployment,2026-09-10 13:44:07.615246336,103.0,failed,3,alert,checkout-api
R-00849,restart_pod,2026-09-12 04:22:35.396591104,19.0,success,0,pipeline,notifications
R-00850,failover_drill,2026-08-05 23:17:45.423769856,113.0,success,2,schedule,notifications
R-00851,rotate_secrets,2026-09-04 00:45:28.868899584,26.0,success,0,schedule,auth-service
R-00852,failover_drill,2026-08-03 02:31:00.709758976,27.0,success,0,alert,auth-service
R-00853,snapshot_rds,2026-08-14 00:36:10.265261056,19.0,success,0,alert,billing-worker
R-00854,rotate_secrets,2026-08-27 22:02:01.139686912,157.0,failed,1,manual,auth-service
R-00855,scale_deployment,2026-09-11 16:54:40.913802752,50.0,success,1,alert,billing-worker
R-00856,db_vacuum,2026-09-06 04:24:49.942216192,121.0,success,0,schedule,notifications
R-00857,scale_deployment,2026-09-09 20:58:12.606265856,144.0,timeout,0,pipeline,auth-service
R-00858,db_vacuum,2026-09-07 15:51:22.965847296,108.0,success,3,alert,auth-service
R-00859,failover_drill,2026-08-26 11:14:36.113624576,14.0,success,0,alert,auth-service
R-00860,restart_pod,2026-09-05 15:30:49.128564224,115.0,success,3,alert,auth-service
R-00861,cert_renewal,2026-08-17 00:51:43.701468160,162.0,success,0,schedule,billing-worker
R-00862,purge_cache,2026-08-02 02:01:21.915302656,17.0,success,0,alert,notifications
R-00863,failover_drill,2026-08-22 13:04:45.632829440,247.0,success,0,pipeline,notifications
R-00864,db_vacuum,2026-08-29 17:35:12.289603072,60.0,success,0,schedule,search-api
R-00865,scale_deployment,2026-08-15 06:00:27.248699392,103.0,success,0,schedule,auth-service
R-00866,scale_deployment,2026-08-15 22:08:18.725714944,147.0,success,1,alert,checkout-api
R-00867,restart_pod,2026-08-26 11:24:06.831063552,36.0,success,1,alert,checkout-api
R-00868,snapshot_rds,2026-08-05 08:23:15.784856576,79.0,success,0,manual,search-api
R-00869,purge_cache,2026-09-12 12:51:59.534147584,2436.0,success,0,alert,search-api
R-00870,failover_drill,2026-09-01 17:34:17.488694528,67.0,success,2,schedule,search-api
R-00871,restart_pod,2026-08-28 05:06:17.422138112,55.0,failed,2,alert,billing-worker
R-00872,restart_pod,2026-08-10 08:23:15.207472640,29.0,success,0,pipeline,search-api
R-00873,failover_drill,2026-08-15 11:06:31.305835008,48.0,success,2,schedule,search-api
R-00874,purge_cache,2026-09-03 10:58:15.510965248,14.0,success,0,alert,search-api
R-00875,db_vacuum,2026-09-06 03:32:43.874471424,26.0,success,0,schedule,search-api
R-00876,db_vacuum,2026-08-22 03:42:04.014574592,17.0,success,1,pipeline,search-api
R-00877,purge_cache,2026-08-07 12:14:10.382451200,25.0,success,0,schedule,search-api
R-00878,cert_renewal,2026-09-10 11:08:48.439060736,24.0,success,1,alert,checkout-api
R-00879,snapshot_rds,2026-08-17 04:31:44.512254976,17.0,success,3,alert,search-api
R-00880,rotate_secrets,2026-08-15 13:06:46.212010240,24.0,success,1,alert,search-api
R-00881,scale_deployment,2026-08-22 05:23:32.203338240,25.0,success,2,alert,auth-service
R-00882,db_vacuum,2026-08-11 16:10:08.494927616,68.0,success,1,alert,auth-service
R-00883,db_vacuum,2026-09-14 14:20:00.385802752,141.0,success,2,alert,notifications
R-00884,snapshot_rds,2026-08-23 10:40:14.695202560,41.0,success,0,alert,billing-worker
R-00885,rotate_secrets,2026-09-04 09:02:45.006055424,37.0,success,0,schedule,search-api
R-00886,rotate_secrets,2026-08-28 08:12:41.760033280,100000.0,success,0,alert,billing-worker
R-00887,scale_deployment,2026-08-21 07:21:12.306266624,123.0,success,0,pipeline,auth-service
R-00888,rotate_secrets,2026-09-03 17:01:51.182537728,52.0,success,2,manual,notifications
R-00889,restart_pod,2026-09-08 21:13:06.946718976,27.0,success,2,schedule,billing-worker
R-00890,cert_renewal,2026-08-30 21:15:08.062691584,42.0,failed,3,alert,notifications
R-00891,cert_renewal,2026-08-16 07:53:38.628269568,10.0,success,0,pipeline,search-api
R-00892,db_vacuum,2026-08-08 03:36:12.431365632,16.0,success,2,schedule,billing-worker
R-00893,snapshot_rds,2026-08-16 22:39:19.064939520,19.0,success,3,alert,auth-service
R-00894,db_vacuum,2026-09-14 11:11:29.065617408,26.0,success,0,alert,checkout-api
R-00895,restart_pod,2026-09-01 23:59:51.694666496,3.0,success,0,schedule,billing-worker
R-00896,scale_deployment,2026-08-29 05:48:26.556071424,83.0,success,0,schedule,checkout-api
R-00897,cert_renewal,2026-09-13 19:22:55.929981440,224.0,success,3,alert,search-api
R-00898,rotate_secrets,2026-08-06 13:30:55.415846912,561.0,success,0,schedule,notifications
R-00899,cert_renewal,2026-08-25 21:45:06.304982016,551.0,success,3,alert,search-api
R-00900,db_vacuum,2026-08-28 01:48:09.471426304,32.0,success,1,alert,auth-service
R-00901,rotate_secrets,2026-08-22 17:37:41.775633408,37.0,success,0,alert,checkout-api
R-00902,snapshot_rds,2026-08-31 02:23:28.354859520,53.0,success,0,alert,auth-service
R-00903,failover_drill,2026-08-17 17:30:30.772502784,34.0,success,0,schedule,billing-worker
R-00904,db_vacuum,2026-09-14 21:08:02.053962240,21.0,success,2,schedule,checkout-api
R-00905,snapshot_rds,2026-09-09 10:30:08.759713792,67.0,success,0,schedule,billing-worker
R-00906,failover_drill,2026-09-02 07:37:30.362418944,81.0,success,0,alert,checkout-api
R-00907,cert_renewal,2026-09-02 22:44:16.244361216,81.0,success,3,schedule,search-api
R-00908,db_vacuum,2026-08-12 19:27:27.553248000,40.0,success,0,alert,notifications
R-00909,failover_drill,2026-09-10 01:39:49.818077440,20.0,success,3,alert,checkout-api
R-00910,db_vacuum,2026-09-02 16:41:43.623755008,40.0,success,0,alert,notifications
R-00911,cert_renewal,2026-08-10 16:25:43.668906240,52.0,success,3,alert,notifications
R-00912,db_vacuum,2026-09-01 15:56:53.910255872,141.0,success,0,manual,search-api
R-00913,scale_deployment,2026-08-07 20:10:56.977325056,25.0,success,1,manual,auth-service
R-00914,scale_deployment,2026-08-18 05:47:23.846781440,12.0,success,0,schedule,billing-worker
R-00915,cert_renewal,2026-08-30 01:45:45.400252416,98.0,success,0,alert,checkout-api
R-00916,failover_drill,2026-08-17 01:04:28.668110592,42.0,success,3,alert,billing-worker
R-00917,failover_drill,2026-08-16 03:35:00.361224704,89.0,success,0,schedule,search-api
R-00918,scale_deployment,2026-08-14 22:09:16.496238848,14.0,success,0,alert,checkout-api
R-00919,scale_deployment,2026-08-10 02:09:44.366430208,5.0,success,0,schedule,search-api
R-00920,failover_drill,2026-08-03 19:45:36.454696448,50.0,success,0,alert,search-api
R-00921,purge_cache,2026-08-14 03:31:20.351956736,106.0,success,3,alert,notifications
R-00922,snapshot_rds,2026-08-10 22:06:47.937536512,15.0,success,0,schedule,search-api
R-00923,failover_drill,2026-09-02 05:28:57.570141952,114.0,timeout,0,alert,billing-worker
R-00924,cert_renewal,2026-09-06 06:44:51.656380672,103.0,success,0,schedule,billing-worker
R-00925,failover_drill,2026-08-03 05:13:42.346841344,34.0,failed,3,schedule,checkout-api
R-00926,snapshot_rds,2026-09-03 04:40:20.616767232,229.0,failed,2,schedule,auth-service
R-00927,purge_cache,2026-09-06 22:25:18.633328384,138.0,success,0,alert,notifications
R-00928,cert_renewal,2026-08-26 21:26:54.435224064,255.0,success,1,alert,notifications
R-00929,rotate_secrets,2026-09-12 05:04:45.367734528,21.0,success,0,alert,notifications
R-00930,snapshot_rds,2026-09-01 21:41:45.276129280,9.0,success,0,alert,notifications
R-00931,snapshot_rds,2026-08-30 20:19:57.491377408,226.0,success,0,alert,search-api
R-00932,restart_pod,2026-09-01 13:44:56.232154368,46.0,failed,3,alert,billing-worker
R-00933,failover_drill,2026-09-12 16:10:45.569081344,55.0,success,0,schedule,billing-worker
R-00934,rotate_secrets,2026-08-23 18:03:40.990117888,6.0,success,3,alert,checkout-api
R-00935,purge_cache,2026-08-05 20:39:55.151294464,283.0,success,0,schedule,checkout-api
R-00936,scale_deployment,2026-09-09 11:33:08.066395392,52.0,success,0,alert,billing-worker
R-00937,scale_deployment,2026-09-07 22:44:11.308305920,1513.0,success,0,schedule,billing-worker
R-00938,scale_deployment,2026-08-01 09:33:26.624867072,366.0,success,2,alert,checkout-api
R-00939,purge_cache,2026-08-20 12:46:24.754509056,152.0,success,0,schedule,checkout-api
R-00940,restart_pod,2026-08-22 12:30:45.516492288,55.0,success,0,schedule,checkout-api
R-00941,db_vacuum,2026-08-12 16:50:24.720375040,64.0,success,0,schedule,checkout-api
R-00942,failover_drill,2026-09-08 07:32:35.415551488,23.0,success,0,schedule,search-api
R-00943,purge_cache,2026-08-05 11:35:55.226156032,20.0,success,2,manual,checkout-api
R-00944,db_vacuum,2026-08-28 04:51:37.088655872,94.0,success,0,alert,billing-worker
R-00945,cert_renewal,2026-08-04 15:10:13.039325696,146.0,success,1,alert,checkout-api
R-00946,restart_pod,2026-08-03 03:41:22.825669120,50.0,success,1,manual,billing-worker
R-00947,snapshot_rds,2026-09-03 11:04:33.003997952,208.0,success,0,alert,auth-service
R-00948,db_vacuum,2026-09-10 13:53:18.965683712,35.0,success,0,alert,notifications
R-00949,scale_deployment,2026-08-13 15:37:24.316715008,50.0,success,0,schedule,billing-worker
R-00950,purge_cache,2026-08-03 00:24:59.522208768,66.0,success,3,alert,auth-service
R-00951,failover_drill,2026-08-10 02:26:28.988346112,31.0,success,0,pipeline,search-api
R-00952,snapshot_rds,2026-09-02 12:28:55.453533184,49.0,success,1,alert,checkout-api
R-00953,cert_renewal,2026-09-12 23:07:40.299139840,552.0,success,3,schedule,search-api
R-00954,db_vacuum,2026-08-06 21:30:43.754977792,114.0,success,0,alert,search-api
R-00955,db_vacuum,2026-09-12 22:02:23.740954368,88.0,success,0,pipeline,checkout-api
R-00956,db_vacuum,2026-09-02 11:06:03.000801024,29.0,success,0,manual,notifications
R-00957,rotate_secrets,2026-09-01 14:40:20.963350784,91.0,failed,3,alert,auth-service
R-00958,scale_deployment,2026-08-16 00:50:48.481430784,11.0,success,3,alert,notifications
R-00959,scale_deployment,2026-08-27 03:22:03.376640256,179.0,success,3,pipeline,checkout-api
R-00960,db_vacuum,2026-08-30 05:20:17.280987392,69.0,success,0,schedule,checkout-api
R-00961,purge_cache,2026-08-27 07:02:36.312332544,43.0,success,2,schedule,auth-service
R-00962,db_vacuum,2026-08-21 19:52:55.219822848,254.0,success,0,alert,notifications
R-00963,cert_renewal,2026-08-27 00:23:51.706750720,96.0,success,0,alert,auth-service
R-00964,restart_pod,2026-08-27 11:01:01.854812160,139.0,success,0,alert,billing-worker
R-00965,db_vacuum,2026-08-03 13:14:31.979452672,109.0,success,0,schedule,search-api
R-00966,scale_deployment,2026-08-25 05:55:27.963061248,173.0,timeout,0,alert,checkout-api
R-00967,scale_deployment,2026-08-11 12:30:08.090981376,50.0,success,3,schedule,checkout-api
R-00968,failover_drill,2026-08-08 11:22:26.781008128,71.0,success,0,schedule,search-api
R-00969,snapshot_rds,2026-08-27 03:09:04.647955712,122.0,success,0,alert,auth-service
R-00970,cert_renewal,2026-08-23 00:55:52.211400192,37.0,success,2,schedule,auth-service
R-00971,restart_pod,2026-08-10 03:35:51.558878976,12.0,success,0,alert,checkout-api
R-00972,restart_pod,2026-08-02 07:27:11.217176320,68.0,success,1,alert,notifications
R-00973,snapshot_rds,2026-08-11 11:16:13.803676416,12.0,success,2,alert,checkout-api
R-00974,scale_deployment,2026-08-24 03:38:40.130137600,121.0,success,1,alert,auth-service
R-00975,restart_pod,2026-09-11 07:30:26.430432512,28.0,success,0,alert,search-api
R-00976,purge_cache,2026-08-03 04:09:54.879568896,44.0,success,0,alert,checkout-api
R-00977,rotate_secrets,2026-09-04 23:36:17.201230336,41.0,success,0,schedule,auth-service
R-00978,purge_cache,2026-08-12 21:22:09.186065920,42.0,success,0,schedule,notifications
R-00979,purge_cache,2026-08-10 07:59:59.939178752,56.0,success,1,alert,checkout-api
R-00980,purge_cache,2026-08-13 14:13:53.261495040,16.0,success,2,schedule,notifications
R-00981,purge_cache,2026-08-17 19:42:34.954884608,22.0,success,0,schedule,notifications
R-00982,db_vacuum,2026-08-09 20:51:23.011036928,17.0,success,2,manual,checkout-api
R-00983,restart_pod,2026-08-12 16:35:48.588839168,92.0,success,0,schedule,auth-service
R-00984,db_vacuum,2026-08-21 17:06:25.467620096,210.0,success,0,schedule,search-api
R-00985,purge_cache,2026-08-03 06:21:47.621585664,331.0,success,0,schedule,auth-service
R-00986,db_vacuum,2026-08-14 23:52:20.653713408,231.0,success,0,alert,checkout-api
R-00987,scale_deployment,2026-08-28 16:40:21.141761792,35.0,success,0,schedule,checkout-api
R-00988,restart_pod,2026-08-25 03:13:15.256168448,68.0,success,3,schedule,notifications
R-00989,snapshot_rds,2026-09-13 18:45:10.866133248,51.0,success,0,schedule,auth-service
R-00990,db_vacuum,2026-09-13 20:49:26.897638400,38.0,success,0,alert,checkout-api
R-00991,failover_drill,2026-08-23 15:26:47.412628224,59.0,success,0,manual,checkout-api
R-00992,failover_drill,2026-08-15 17:37:45.972127744,4.0,success,3,alert,notifications
R-00993,scale_deployment,2026-08-09 00:20:09.842349312,70.0,success,2,schedule,notifications
R-00994,purge_cache,2026-08-30 00:44:00.282349568,67.0,timeout,3,manual,notifications
R-00995,db_vacuum,2026-08-01 15:55:08.934216704,259.0,success,0,schedule,auth-service
R-00996,cert_renewal,2026-08-24 05:04:33.847691776,74.0,success,0,schedule,billing-worker
R-00997,rotate_secrets,2026-08-12 00:23:36.358234624,162.0,success,0,alert,checkout-api
R-00998,db_vacuum,2026-08-10 19:31:07.141707264,161.0,success,3,schedule,auth-service
R-00999,purge_cache,2026-08-25 20:55:10.950240768,57.0,success,0,alert,checkout-api
R-01000,snapshot_rds,2026-08-23 10:16:30.775163392,30.0,success,2,pipeline,billing-worker
R-01001,failover_drill,2026-08-06 16:24:11.059514624,52.0,success,0,schedule,auth-service
R-01002,failover_drill,2026-08-10 19:35:01.870422272,28.0,success,0,schedule,auth-service
R-01003,purge_cache,2026-08-14 15:19:56.007450112,42.0,success,0,schedule,notifications
R-01004,purge_cache,2026-08-12 17:10:19.122934784,185.0,success,0,schedule,checkout-api
R-01005,restart_pod,2026-08-01 14:43:09.369531392,30.0,success,1,alert,billing-worker
R-01006,purge_cache,2026-08-03 09:24:51.674480640,85.0,success,0,alert,search-api
R-01007,snapshot_rds,2026-09-06 11:28:17.795081984,21.0,success,0,alert,notifications
R-01008,purge_cache,2026-08-22 23:45:25.218394368,22.0,success,0,schedule,notifications
R-01009,rotate_secrets,2026-08-20 18:45:55.012488192,85.0,success,0,alert,search-api
R-01010,scale_deployment,2026-09-07 04:44:42.046723584,12.0,failed,1,alert,search-api
R-01011,purge_cache,2026-08-31 23:44:27.387778048,35.0,success,0,alert,billing-worker
R-01012,db_vacuum,2026-08-29 19:39:11.511304704,30.0,success,0,alert,search-api
R-01013,failover_drill,2026-08-22 01:31:10.848730368,63.0,success,0,alert,search-api
R-01014,scale_deployment,2026-08-01 16:40:16.343868672,497.0,success,1,alert,checkout-api
R-01015,snapshot_rds,2026-09-05 20:08:30.791345664,1087.0,failed,3,pipeline,checkout-api
R-01016,snapshot_rds,2026-08-13 10:08:21.624060160,52.0,success,3,alert,billing-worker
R-01017,purge_cache,2026-09-09 00:34:19.243882240,38.0,success,0,schedule,search-api
R-01018,cert_renewal,2026-08-24 18:17:56.184716288,191.0,success,3,alert,search-api
R-01019,failover_drill,2026-08-07 14:45:01.091050496,12.0,success,0,schedule,billing-worker
R-01020,db_vacuum,2026-08-16 15:05:16.671812608,31.0,success,0,alert,auth-service
R-01021,purge_cache,2026-09-09 14:48:46.042704640,22.0,success,0,schedule,checkout-api
R-01022,scale_deployment,2026-09-05 00:04:42.745298688,124.0,success,1,pipeline,notifications
R-01023,failover_drill,2026-08-04 09:15:04.684507136,168.0,success,0,pipeline,checkout-api
R-01024,cert_renewal,2026-09-03 01:09:42.200193792,176.0,success,2,schedule,auth-service
R-01025,cert_renewal,2026-08-30 10:43:02.543904000,65.0,success,3,schedule,billing-worker
R-01026,snapshot_rds,2026-08-02 05:31:41.994887424,392.0,success,0,alert,auth-service
R-01027,restart_pod,2026-08-07 06:31:50.618433024,15.0,timeout,0,alert,checkout-api
R-01028,failover_drill,2026-08-12 07:28:00.571900928,2080.0,success,0,manual,billing-worker
R-01029,db_vacuum,2026-08-24 01:48:20.264509952,43.0,success,0,alert,notifications
R-01030,purge_cache,2026-08-26 03:27:59.131269632,82.0,timeout,3,pipeline,checkout-api
R-01031,cert_renewal,2026-09-13 10:50:20.263545600,174.0,success,1,alert,billing-worker
R-01032,restart_pod,2026-08-19 02:31:39.292604416,25.0,success,0,schedule,auth-service
R-01033,purge_cache,2026-09-13 13:28:05.651265024,16.0,success,0,pipeline,search-api
R-01034,purge_cache,2026-08-31 00:02:30.024628736,8.0,failed,1,schedule,notifications
R-01035,cert_renewal,2026-09-14 05:58:29.963316224,83.0,failed,1,schedule,checkout-api
R-01036,snapshot_rds,2026-08-14 15:36:09.544942592,228.0,success,2,alert,notifications
R-01037,snapshot_rds,2026-08-22 07:55:53.121222400,219.0,success,2,schedule,auth-service
R-01038,cert_renewal,2026-08-24 01:57:09.089808896,102.0,success,0,alert,checkout-api
R-01039,scale_deployment,2026-08-12 07:54:14.670444032,79.0,success,0,schedule,notifications
R-01040,scale_deployment,2026-08-22 19:31:13.786478336,104.0,success,0,pipeline,checkout-api
R-01041,db_vacuum,2026-09-08 06:58:56.736219392,172.0,success,2,schedule,notifications
R-01042,cert_renewal,2026-08-21 07:15:53.020745216,75.0,success,3,alert,checkout-api
R-01043,cert_renewal,2026-08-06 14:05:14.202881024,16.0,success,3,schedule,notifications
R-01044,snapshot_rds,2026-09-11 02:05:27.142084608,234.0,success,0,alert,billing-worker
R-01045,failover_drill,2026-08-30 03:19:06.498076928,1164.0,success,0,alert,billing-worker
R-01046,restart_pod,2026-08-29 17:51:21.707549440,150.0,success,1,schedule,auth-service
R-01047,scale_deployment,2026-08-03 07:05:21.804462080,29.0,timeout,0,manual,checkout-api
R-01048,purge_cache,2026-08-10 16:31:36.142562304,100.0,success,0,schedule,search-api
R-01049,snapshot_rds,2026-09-05 17:45:02.712022528,75.0,success,0,alert,checkout-api
R-01050,cert_renewal,2026-08-06 18:47:17.019540992,21.0,success,3,schedule,search-api
R-01051,restart_pod,2026-08-29 08:46:14.840311296,47.0,success,0,schedule,search-api
R-01052,purge_cache,2026-08-08 00:00:12.850281728,6.0,success,0,alert,auth-service
R-01053,purge_cache,2026-08-21 10:24:31.803271680,154.0,success,0,schedule,search-api
R-01054,db_vacuum,2026-09-01 22:36:54.392619264,30.0,success,1,pipeline,auth-service
R-01055,cert_renewal,2026-08-22 04:26:16.254488064,-10.0,success,0,schedule,billing-worker
R-01056,failover_drill,2026-08-06 19:03:09.160348672,59.0,success,0,alert,notifications
R-01057,restart_pod,2026-09-02 05:52:31.036736256,278.0,success,0,alert,notifications
R-01058,purge_cache,2026-08-12 17:16:34.579748608,104.0,success,0,schedule,notifications
R-01059,restart_pod,2026-08-04 06:27:20.232562176,341.0,success,2,schedule,search-api
R-01060,db_vacuum,2026-09-04 05:48:54.371503360,115.0,failed,3,alert,billing-worker
R-01061,snapshot_rds,2026-08-16 02:19:46.326800384,25.0,success,1,schedule,checkout-api
R-01062,restart_pod,2026-08-17 08:21:23.278118656,87.0,success,0,schedule,auth-service
R-01063,failover_drill,2026-08-10 21:22:17.821466112,103.0,timeout,2,alert,search-api
R-01064,failover_drill,2026-08-01 21:22:57.744046848,112.0,success,0,alert,billing-worker
R-01065,cert_renewal,2026-09-01 08:40:58.285631744,14361.0,success,1,pipeline,notifications
R-01066,rotate_secrets,2026-08-02 02:47:48.549865216,525.0,success,3,alert,auth-service
R-01067,purge_cache,2026-09-08 06:51:46.179004672,14.0,success,3,alert,billing-worker
R-01068,restart_pod,2026-08-15 18:47:31.301812736,30.0,success,1,alert,notifications
R-01069,snapshot_rds,2026-09-06 19:04:20.830228224,96.0,success,2,alert,billing-worker
R-01070,scale_deployment,2026-09-11 08:35:04.283868160,60.0,success,0,pipeline,auth-service
R-01071,failover_drill,2026-09-04 21:15:24.146947584,16.0,success,0,alert,search-api
R-01072,scale_deployment,2026-08-02 13:18:44.998213376,420.0,success,0,alert,search-api
R-01073,restart_pod,2026-08-11 15:12:05.446483968,126.0,success,0,alert,auth-service
R-01074,restart_pod,2026-08-22 09:56:06.655717632,46.0,success,0,alert,auth-service
R-01075,restart_pod,2026-08-31 08:52:01.999430656,21.0,success,2,alert,billing-worker
R-01076,failover_drill,2026-08-08 18:29:20.335315712,1624.0,timeout,0,alert,billing-worker
R-01077,purge_cache,2026-09-11 04:17:01.398934272,107.0,success,0,alert,notifications
R-01078,db_vacuum,2026-08-21 14:43:56.353527808,41.0,success,1,alert,checkout-api
R-01079,restart_pod,2026-08-31 16:23:35.261528832,86401.0,success,1,schedule,search-api
R-01080,purge_cache,2026-08-08 13:29:27.033023232,93.0,success,0,schedule,search-api
R-01081,purge_cache,2026-09-12 09:36:22.353301248,66.0,success,2,schedule,notifications
R-01082,scale_deployment,2026-08-24 01:08:18.963007744,130.0,success,0,alert,notifications
R-01083,snapshot_rds,2026-08-02 16:23:16.380462848,153.0,success,0,alert,auth-service
R-01084,restart_pod,2026-08-16 04:27:45.228687616,85.0,success,0,schedule,billing-worker
R-01085,db_vacuum,2026-08-10 13:34:41.558215168,323.0,timeout,0,alert,search-api
R-01086,snapshot_rds,2026-09-12 12:38:49.632731904,84.0,success,2,alert,checkout-api
R-01087,snapshot_rds,2026-09-12 07:19:18.986190848,153.0,timeout,0,alert,auth-service
R-01088,snapshot_rds,2026-08-26 09:19:51.067632128,4.0,timeout,3,alert,search-api
R-01089,rotate_secrets,2026-08-12 17:55:24.564218112,216.0,success,2,schedule,billing-worker
R-01090,db_vacuum,2026-08-26 04:56:49.546726656,66.0,success,1,manual,notifications
R-01091,failover_drill,2026-08-06 03:48:02.387212032,872.0,success,1,pipeline,notifications
R-01092,restart_pod,2026-09-08 19:40:24.758647296,98.0,success,2,alert,auth-service
R-01093,restart_pod,2026-08-31 01:44:17.089341184,64.0,success,2,alert,search-api
R-01094,snapshot_rds,2026-09-11 03:28:58.797763840,64.0,success,1,alert,notifications
R-01095,db_vacuum,2026-08-28 21:29:07.450570240,30.0,failed,1,manual,search-api
R-01096,failover_drill,2026-09-01 20:56:01.062728448,17.0,success,0,manual,billing-worker
R-01097,cert_renewal,2026-08-04 13:14:16.356202496,-1.0,success,0,schedule,notifications
R-01098,cert_renewal,2026-09-01 11:13:16.090332416,16.0,failed,1,schedule,checkout-api
R-01099,scale_deployment,2026-09-07 17:33:32.166565888,3059.0,success,3,schedule,billing-worker
R-01100,snapshot_rds,2026-08-19 13:05:38.312361984,19.0,success,2,alert,checkout-api
R-01101,restart_pod,2026-09-09 04:45:57.876442112,29.0,success,0,alert,search-api
R-01102,scale_deployment,2026-08-27 12:26:16.162530560,17.0,success,1,alert,checkout-api
R-01103,rotate_secrets,2026-09-08 10:31:42.578246144,49.0,success,0,alert,search-api
R-01104,rotate_secrets,2026-09-01 08:27:53.579655424,101.0,success,3,pipeline,checkout-api
R-01105,restart_pod,2026-09-10 08:06:50.226690560,45.0,failed,3,schedule,search-api
R-01106,purge_cache,2026-09-11 17:42:24.864809216,122.0,failed,1,pipeline,search-api
R-01107,rotate_secrets,2026-09-10 15:05:41.904992512,1112.0,success,1,alert,billing-worker
R-01108,purge_cache,2026-08-20 09:01:49.901630208,84.0,success,0,pipeline,billing-worker
R-01109,db_vacuum,2026-09-07 23:01:54.857776128,947.0,success,2,alert,search-api
R-01110,rotate_secrets,2026-08-12 23:36:17.077581312,70.0,success,2,alert,auth-service
R-01111,restart_pod,2026-08-12 19:41:58.787281152,9.0,success,0,schedule,checkout-api
R-01112,scale_deployment,2026-09-07 17:00:46.840550144,56.0,success,0,alert,notifications
R-01113,rotate_secrets,2026-08-17 02:09:06.654969856,18.0,success,0,schedule,notifications
R-01114,scale_deployment,2026-08-26 09:03:17.983701504,35.0,success,0,schedule,auth-service
R-01115,snapshot_rds,2026-09-10 16:20:06.689126912,48.0,success,0,manual,checkout-api
R-01116,db_vacuum,2026-08-01 01:46:02.715012864,52.0,success,0,schedule,billing-worker
R-01117,snapshot_rds,2026-09-02 18:35:28.226152960,13.0,timeout,0,schedule,billing-worker
R-01118,db_vacuum,2026-09-01 16:37:27.642294016,100.0,failed,2,alert,checkout-api
R-01119,failover_drill,2026-09-03 01:53:39.902122240,158.0,success,0,alert,checkout-api
R-01120,cert_renewal,2026-08-04 13:35:44.575623168,124.0,success,1,schedule,billing-worker
R-01121,restart_pod,2026-08-30 09:35:55.638931200,261.0,success,3,manual,billing-worker
R-01122,cert_renewal,2026-08-21 16:24:52.782946048,19.0,success,0,alert,notifications
R-01123,db_vacuum,2026-08-07 11:01:04.091736832,56.0,success,3,schedule,notifications
R-01124,purge_cache,2026-08-10 13:12:51.279136256,22452.0,success,0,pipeline,search-api
R-01125,scale_deployment,2026-08-13 04:46:57.007173632,64.0,success,0,pipeline,auth-service
R-01126,purge_cache,2026-08-14 04:24:10.425238272,25.0,success,0,schedule,search-api
R-01127,restart_pod,2026-08-27 01:45:30.769723392,56.0,success,0,schedule,billing-worker
R-01128,db_vacuum,2026-08-06 00:14:54.094369792,89.0,success,0,alert,auth-service
R-01129,scale_deployment,2026-08-06 21:20:38.376215808,165.0,success,0,alert,notifications
R-01130,restart_pod,2026-08-21 21:06:09.625365504,12.0,success,1,alert,billing-worker
R-01131,purge_cache,2026-09-05 04:05:20.263924992,52.0,success,0,schedule,notifications
R-01132,snapshot_rds,2026-08-22 07:54:19.217851136,89.0,success,1,schedule,notifications
R-01133,snapshot_rds,2026-08-29 20:42:56.916452608,107.0,success,3,schedule,auth-service
R-01134,db_vacuum,2026-08-16 08:44:25.942498304,100.0,success,1,alert,notifications
R-01135,restart_pod,2026-08-02 07:13:28.841907712,89.0,success,0,alert,notifications
R-01136,failover_drill,2026-09-09 12:11:46.833905408,123.0,success,0,manual,search-api
R-01137,db_vacuum,2026-09-10 07:54:01.095387136,4633.0,success,0,schedule,checkout-api
R-01138,failover_drill,2026-08-14 22:50:13.438193920,19.0,failed,1,manual,notifications
R-01139,db_vacuum,2026-08-21 08:41:00.149336576,60.0,success,0,schedule,search-api
R-01140,rotate_secrets,2026-08-19 05:59:35.731494400,31.0,success,0,alert,checkout-api
R-01141,failover_drill,2026-09-05 01:14:42.552121088,146.0,success,0,alert,search-api
R-01142,snapshot_rds,2026-08-23 04:07:04.610342144,12.0,success,0,schedule,billing-worker
R-01143,purge_cache,2026-09-01 04:40:59.468991744,37.0,success,0,alert,notifications
R-01144,rotate_secrets,2026-08-31 05:13:03.346142976,125.0,success,1,alert,notifications
R-01145,rotate_secrets,2026-09-13 03:18:17.959492352,88.0,success,0,alert,billing-worker
R-01146,scale_deployment,2026-09-01 10:13:57.712611328,46.0,success,0,pipeline,notifications
R-01147,snapshot_rds,2026-08-31 02:09:44.993157888,81.0,success,0,schedule,checkout-api
R-01148,restart_pod,2026-08-16 22:39:07.258714624,110.0,success,0,alert,search-api
R-01149,failover_drill,2026-08-02 20:34:03.312227840,15.0,success,0,schedule,auth-service
R-01150,db_vacuum,2026-08-11 11:12:10.145227008,44.0,success,1,schedule,notifications
R-01151,rotate_secrets,2026-09-06 19:53:07.969789696,142.0,success,2,manual,notifications
R-01152,rotate_secrets,2026-09-04 16:45:24.687446784,26.0,success,0,alert,auth-service
R-01153,,2026-08-28 19:21:11.196898816,77.0,success,1,schedule,checkout-api
R-01154,restart_pod,2026-09-07 22:40:11.500037632,125.0,success,0,pipeline,notifications
R-01155,rotate_secrets,2026-09-05 13:34:16.405812736,79.0,success,0,alert,auth-service
R-01156,restart_pod,2026-08-06 08:23:24.691194624,46.0,success,0,alert,billing-worker
R-01157,snapshot_rds,2026-09-12 10:48:18.457165312,50.0,success,0,schedule,search-api
R-01158,scale_deployment,2026-08-14 07:12:36.327217408,133.0,success,0,schedule,notifications
R-01159,restart_pod,2026-08-13 06:23:41.019106816,203.0,success,2,manual,billing-worker
R-01160,snapshot_rds,2026-08-28 02:01:22.959822592,78.0,success,0,alert,search-api
R-01161,rotate_secrets,2026-09-02 03:55:19.110016768,104.0,success,0,schedule,checkout-api
R-01162,cert_renewal,2026-09-05 02:27:21.530933248,59.0,success,0,alert,billing-worker
R-01163,snapshot_rds,2026-08-24 22:46:50.201572864,45.0,success,1,alert,auth-service
R-01164,cert_renewal,2026-08-21 04:33:40.659775232,69.0,success,0,alert,notifications
R-01165,failover_drill,2026-08-21 15:36:43.067498240,50.0,timeout,0,alert,notifications
R-01166,purge_cache,2026-08-10 12:57:27.050276096,1394.0,timeout,0,alert,notifications
R-01167,purge_cache,2026-08-11 13:28:39.625805312,24.0,success,0,schedule,search-api
R-01168,scale_deployment,2026-09-11 22:23:34.311784192,32.0,success,0,schedule,search-api
R-01169,purge_cache,2026-08-02 04:41:57.889990656,87.0,success,0,schedule,search-api
R-01170,restart_pod,2026-09-13 15:30:43.100089088,105.0,success,1,alert,search-api
R-01171,restart_pod,2026-08-22 07:32:52.968940288,23.0,success,0,schedule,auth-service
R-01172,failover_drill,2026-08-28 02:33:06.648535040,10.0,success,1,schedule,auth-service
R-01173,snapshot_rds,2026-09-02 15:00:36.387944960,7.0,success,0,schedule,notifications
R-01174,rotate_secrets,2026-08-29 12:52:40.295799552,71.0,success,3,schedule,notifications
R-01175,failover_drill,2026-08-01 09:39:33.658821888,12.0,success,0,alert,billing-worker
R-01176,purge_cache,2026-09-10 15:41:30.183568384,16.0,success,2,alert,notifications
R-01177,cert_renewal,2026-08-14 05:20:41.646816000,41.0,success,0,alert,auth-service
R-01178,purge_cache,2026-08-12 17:16:26.753181696,27.0,success,1,schedule,auth-service
R-01179,cert_renewal,2026-09-02 07:46:38.980714752,151.0,success,3,schedule,search-api
R-01180,scale_deployment,2026-08-27 22:19:15.025003520,254.0,success,2,schedule,search-api
R-01181,cert_renewal,2026-09-03 10:41:10.264890368,51.0,success,0,pipeline,auth-service
R-01182,db_vacuum,2026-09-06 08:26:26.589638656,51.0,success,2,schedule,search-api
R-01183,scale_deployment,2026-08-09 20:45:50.246839552,151.0,success,0,alert,auth-service
R-01184,rotate_secrets,2026-09-13 00:31:22.450308608,141.0,success,0,alert,search-api
R-01185,rotate_secrets,2026-08-08 23:55:38.871657216,43.0,success,0,alert,notifications
R-01186,db_vacuum,2026-08-16 00:57:22.820557824,199.0,success,0,alert,search-api
R-01187,restart_pod,2026-08-23 08:27:06.085650432,25.0,success,0,schedule,checkout-api
R-01188,purge_cache,2026-09-08 07:48:25.653926144,74.0,failed,3,schedule,auth-service
R-01189,snapshot_rds,2026-08-24 19:22:29.371154944,,success,0,manual,checkout-api
R-01190,scale_deployment,2026-08-14 15:11:03.102015488,71.0,success,0,schedule,notifications
R-01191,db_vacuum,2026-08-20 15:11:27.610274560,38.0,success,1,alert,auth-service
R-01192,cert_renewal,2026-08-19 15:06:00.543866368,135.0,success,0,alert,auth-service
R-01193,purge_cache,2026-08-10 02:13:51.956931072,47.0,success,0,schedule,auth-service
R-01194,scale_deployment,2026-08-21 12:22:37.279930368,106.0,success,0,manual,search-api
R-01195,,2026-08-13 01:43:27.289263872,95.0,success,0,schedule,checkout-api
R-01196,rotate_secrets,2026-08-26 04:49:36.908382976,23.0,success,0,schedule,checkout-api
R-01197,restart_pod,2026-08-31 14:16:57.690533376,270.0,success,2,alert,auth-service
R-01198,restart_pod,2026-08-05 14:30:17.516698624,1036.0,success,3,alert,search-api
R-01199,db_vacuum,2026-09-03 00:07:53.257414144,40.0,success,0,schedule,billing-worker
R-01200,restart_pod,2026-08-21 05:35:27.888545280,34.0,success,2,schedule,auth-service
R-01201,rotate_secrets,2026-08-08 13:26:53.392916736,69.0,success,0,schedule,auth-service
R-01202,restart_pod,2026-09-13 12:29:05.357120000,875.0,success,0,alert,checkout-api
R-01203,purge_cache,2026-09-01 04:32:45.920682240,76.0,success,0,pipeline,checkout-api
R-01204,purge_cache,2026-08-08 14:48:26.601845760,286.0,success,0,alert,search-api
R-01205,scale_deployment,2026-09-12 14:16:07.473429760,134.0,success,0,manual,notifications
R-01206,snapshot_rds,2026-08-10 06:49:04.138049536,87.0,success,2,schedule,checkout-api
R-01207,db_vacuum,2026-08-08 03:08:47.604001024,64.0,failed,3,schedule,checkout-api
R-01208,restart_pod,2026-08-25 10:22:36.829198592,52.0,success,2,schedule,notifications
R-01209,rotate_secrets,2026-08-10 21:07:44.470423552,162.0,success,3,schedule,notifications
R-01210,db_vacuum,2026-08-10 05:03:19.287156992,14.0,success,2,pipeline,auth-service
R-01211,restart_pod,2026-08-04 03:29:35.843575296,102.0,success,3,schedule,billing-worker
R-01212,cert_renewal,2026-09-09 08:44:52.301451520,90.0,success,0,alert,notifications
R-01213,scale_deployment,2026-08-16 23:11:22.249585664,40.0,success,0,alert,billing-worker
R-01214,cert_renewal,2026-08-06 02:10:35.714197504,19.0,success,3,manual,search-api
R-01215,db_vacuum,2026-08-13 04:24:54.314743808,137.0,success,0,alert,search-api
R-01216,restart_pod,2026-08-01 16:22:38.852369408,77.0,success,2,schedule,checkout-api
R-01217,db_vacuum,2026-09-07 02:43:44.986665472,-1.0,success,3,alert,checkout-api
R-01218,purge_cache,2026-08-21 13:52:12.662797312,57.0,success,0,manual,checkout-api
R-01219,purge_cache,2026-09-01 07:55:26.937892864,41.0,failed,3,pipeline,search-api
R-01220,snapshot_rds,2026-09-01 22:16:05.058524416,74.0,success,0,schedule,billing-worker
R-01221,db_vacuum,2026-09-12 17:00:33.199119360,29.0,success,0,pipeline,search-api
R-01222,restart_pod,2026-08-14 17:36:03.801200384,126.0,success,0,schedule,search-api
R-01223,db_vacuum,2026-08-04 16:38:30.508620800,173.0,failed,1,alert,checkout-api
R-01224,purge_cache,2026-08-16 12:04:21.576231680,26.0,success,0,schedule,checkout-api
R-01225,restart_pod,2026-09-06 05:08:32.275239424,43.0,success,0,manual,auth-service
R-01226,cert_renewal,2026-08-16 17:40:06.911362304,111.0,success,3,pipeline,checkout-api
R-01227,restart_pod,2026-08-13 01:00:38.910228736,193.0,success,3,schedule,billing-worker
R-01228,snapshot_rds,2026-08-01 13:22:13.342728192,27.0,failed,3,alert,auth-service
R-01229,rotate_secrets,2026-09-14 17:15:07.453342976,78.0,success,0,schedule,billing-worker
R-01230,cert_renewal,2026-09-12 22:22:10.803820800,1755.0,success,0,schedule,search-api
R-01231,cert_renewal,2026-09-06 22:41:54.409652736,29.0,success,2,schedule,notifications
R-01232,purge_cache,2026-09-04 22:43:59.450557696,14.0,success,2,alert,auth-service
R-01233,snapshot_rds,2026-09-07 15:59:01.613826304,58.0,failed,2,alert,checkout-api
R-01234,db_vacuum,2026-08-19 14:50:04.306676736,54.0,success,0,schedule,search-api
R-01235,scale_deployment,2026-09-01 00:26:42.002957056,25.0,success,0,alert,search-api
R-01236,failover_drill,2026-08-24 13:45:53.743485184,16.0,timeout,0,pipeline,billing-worker
R-01237,restart_pod,2026-08-11 09:18:30.101267968,476.0,success,0,alert,notifications
R-01238,cert_renewal,2026-09-10 18:22:43.804837376,131.0,failed,3,schedule,checkout-api
R-01239,scale_deployment,2026-09-10 17:04:05.923451904,77.0,success,0,alert,auth-service
R-01240,scale_deployment,2026-08-06 13:29:40.619395840,26.0,success,0,schedule,search-api
R-01241,cert_renewal,2026-08-28 09:12:11.509282816,38.0,success,0,schedule,billing-worker
R-01242,scale_deployment,2026-08-26 02:53:30.903864832,20.0,success,1,alert,notifications
R-01243,scale_deployment,2026-08-12 20:23:02.642637568,35.0,success,0,schedule,auth-service
R-01244,scale_deployment,2026-08-22 20:45:23.721476096,37.0,timeout,2,alert,billing-worker
R-01245,cert_renewal,2026-08-02 13:35:50.127456000,59.0,success,3,alert,billing-worker
R-01246,purge_cache,2026-08-04 00:01:59.974722816,77.0,success,3,pipeline,billing-worker
R-01247,db_vacuum,2026-08-20 18:36:38.177663744,105.0,success,0,manual,notifications
R-01248,purge_cache,2026-08-18 11:10:15.253811200,39.0,success,1,manual,billing-worker
R-01249,scale_deployment,2026-08-20 03:28:42.608782592,123.0,success,2,schedule,search-api
R-01250,scale_deployment,2026-08-27 17:49:26.658003200,30.0,success,0,pipeline,checkout-api
R-01251,cert_renewal,2026-08-22 09:53:52.103861248,28.0,success,0,alert,auth-service
R-01252,restart_pod,2026-08-28 06:36:01.668974848,67.0,failed,1,manual,notifications
R-01253,scale_deployment,2026-09-10 08:18:16.307897856,72.0,success,0,schedule,checkout-api
R-01254,rotate_secrets,2026-08-09 21:44:15.366479360,664.0,success,0,schedule,search-api
R-01255,scale_deployment,2026-08-28 11:16:32.490083584,29.0,success,0,schedule,auth-service
R-01256,restart_pod,2026-09-03 01:17:26.911920896,61.0,success,0,alert,auth-service
R-01257,rotate_secrets,2026-09-02 05:42:44.803659776,63.0,success,0,alert,checkout-api
R-01258,purge_cache,2026-08-19 00:53:25.743429888,50.0,timeout,0,alert,notifications
R-01259,rotate_secrets,2026-09-05 09:08:45.719016960,112.0,success,0,manual,auth-service
R-01260,rotate_secrets,2026-09-07 05:39:00.613982464,55.0,success,2,alert,checkout-api
R-01261,rotate_secrets,2026-08-12 01:35:44.199599360,52.0,success,0,alert,checkout-api
R-01262,snapshot_rds,2026-09-11 21:39:48.596635904,114.0,success,0,manual,search-api
R-01263,failover_drill,2026-08-04 12:58:16.567482880,12.0,success,0,schedule,search-api
R-01264,rotate_secrets,2026-08-01 04:56:01.643486464,37.0,success,2,manual,auth-service
R-01265,purge_cache,2026-08-15 01:57:23.554309376,38.0,timeout,0,schedule,notifications
R-01266,failover_drill,2026-08-10 10:34:54.374340608,47.0,success,0,alert,billing-worker
R-01267,scale_deployment,2026-08-26 20:32:25.611697664,36.0,success,2,alert,search-api
R-01268,restart_pod,2026-08-26 08:35:14.463321856,43.0,success,1,alert,search-api
R-01269,rotate_secrets,2026-09-10 04:19:31.034996480,180.0,success,1,alert,search-api
R-01270,failover_drill,2026-08-09 02:33:04.237569536,36.0,failed,3,schedule,checkout-api
R-01271,purge_cache,2026-09-08 05:41:27.319571456,49.0,success,3,schedule,billing-worker
R-01272,db_vacuum,2026-08-30 01:54:51.257903360,1917.0,success,0,alert,auth-service
R-01273,snapshot_rds,2026-08-25 22:17:50.016852992,80.0,success,3,schedule,checkout-api
R-01274,rotate_secrets,2026-08-07 01:36:37.269372672,63.0,success,2,schedule,notifications
R-01275,rotate_secrets,2026-08-31 17:34:53.948682496,63.0,success,3,alert,search-api
R-01276,rotate_secrets,2026-09-10 10:48:03.217137920,170.0,success,0,alert,billing-worker
R-01277,cert_renewal,2026-08-20 04:01:28.471326976,20.0,success,2,alert,billing-worker
R-01278,snapshot_rds,2026-08-21 02:11:41.259153664,18.0,success,0,schedule,auth-service
R-01279,failover_drill,2026-08-01 18:07:51.592947712,90.0,success,3,alert,auth-service
R-01280,purge_cache,2026-08-26 09:44:35.580142592,211.0,success,0,schedule,auth-service
R-01281,purge_cache,2026-09-10 00:36:37.260927744,135.0,success,0,alert,auth-service
R-01282,snapshot_rds,2026-08-03 19:58:29.176830976,50.0,success,0,alert,checkout-api
R-01283,snapshot_rds,2026-09-07 16:05:54.797207552,120.0,success,0,pipeline,auth-service
R-01284,db_vacuum,2026-08-05 09:58:31.429590528,82.0,success,2,manual,checkout-api
R-01285,cert_renewal,2026-08-29 17:35:26.079837952,480.0,success,0,pipeline,notifications
R-01286,purge_cache,2026-08-05 17:03:47.303820288,85.0,success,1,schedule,search-api
R-01287,restart_pod,2026-08-11 10:49:20.523774208,19.0,success,0,alert,checkout-api
R-01288,cert_renewal,2026-09-03 06:01:53.519090944,27.0,success,2,alert,notifications
R-01289,rotate_secrets,2026-08-01 21:17:19.515251712,71.0,success,0,schedule,notifications
R-01290,scale_deployment,2026-08-14 05:09:55.775602944,86.0,success,3,schedule,notifications
R-01291,scale_deployment,2026-08-17 13:44:18.505735936,170.0,success,2,alert,billing-worker
R-01292,rotate_secrets,2026-09-11 10:26:33.092213248,2242.0,success,1,alert,auth-service
R-01293,cert_renewal,2026-08-05 16:47:43.906242560,212.0,success,0,pipeline,checkout-api
R-01294,restart_pod,2026-08-22 17:19:18.984321024,32.0,failed,1,alert,auth-service
R-01295,purge_cache,2026-09-10 09:11:03.202027008,46.0,timeout,0,schedule,search-api
R-01296,restart_pod,2026-09-12 05:01:31.334592000,28.0,success,2,alert,notifications
R-01297,snapshot_rds,2026-09-14 01:13:53.625146624,97.0,timeout,1,manual,search-api
R-01298,failover_drill,2026-08-09 00:45:43.869435904,133.0,success,0,alert,billing-worker
R-01299,restart_pod,2026-08-04 23:22:03.587187968,172.0,success,2,schedule,notifications
R-01300,purge_cache,2026-08-10 02:17:48.817290496,8855.0,success,1,pipeline,billing-worker
R-01301,cert_renewal,2026-09-12 03:05:39.575167744,32.0,success,0,schedule,search-api
R-01302,purge_cache,2026-09-14 09:43:44.260488704,112.0,success,3,alert,notifications
R-01303,purge_cache,2026-09-13 15:59:24.977543168,27.0,failed,2,schedule,auth-service
R-01304,rotate_secrets,2026-09-02 20:38:04.584435200,76.0,failed,3,schedule,auth-service
R-01305,purge_cache,2026-08-10 06:44:51.100217856,155.0,success,0,schedule,checkout-api
R-01306,failover_drill,2026-08-06 19:07:41.647849984,32.0,success,0,alert,notifications
R-01307,scale_deployment,2026-08-22 01:46:28.264359168,28.0,success,0,schedule,checkout-api
R-01308,rotate_secrets,2026-09-06 01:50:51.020450304,82.0,success,0,alert,billing-worker
R-01309,failover_drill,2026-08-03 15:52:38.490982400,73.0,failed,2,alert,auth-service
R-01310,failover_drill,2026-08-15 23:51:53.231761152,-10.0,success,0,schedule,checkout-api
R-01311,rotate_secrets,2026-08-31 16:37:01.818307328,34.0,success,1,pipeline,checkout-api
R-01312,rotate_secrets,2026-08-13 21:03:30.029286912,156.0,success,0,alert,notifications
R-01313,scale_deployment,2026-08-16 09:22:52.129463040,1552.0,success,0,schedule,notifications
R-01314,failover_drill,2026-09-06 23:55:34.168632576,32.0,success,0,alert,checkout-api
R-01315,purge_cache,2026-08-29 18:59:27.615128576,36.0,success,3,pipeline,search-api
R-01316,purge_cache,2026-08-27 20:25:09.557605888,129.0,success,0,alert,billing-worker
R-01317,restart_pod,2026-08-21 16:34:37.253841152,31.0,success,0,alert,checkout-api
R-01318,snapshot_rds,2026-08-05 03:23:58.843200256,33.0,success,3,alert,checkout-api
R-01319,failover_drill,2026-08-23 15:21:52.800512768,27.0,success,1,schedule,auth-service
R-01320,purge_cache,2026-09-01 08:00:06.947689984,67.0,success,2,alert,checkout-api
R-01321,snapshot_rds,2026-08-30 10:49:43.720803072,196.0,success,3,alert,search-api
R-01322,failover_drill,2026-09-05 23:53:09.751439360,132.0,success,1,schedule,billing-worker
R-01323,failover_drill,2026-08-05 01:05:40.248089856,100000.0,success,0,alert,auth-service
R-01324,scale_deployment,2026-08-22 20:05:03.295588096,82.0,success,0,alert,auth-service
R-01325,db_vacuum,2026-09-06 22:28:24.562345472,195.0,timeout,0,pipeline,checkout-api
R-01326,rotate_secrets,2026-09-12 04:13:38.887972352,2293.0,success,1,manual,billing-worker
R-01327,snapshot_rds,2026-09-10 10:43:27.606209280,115.0,success,1,alert,search-api
R-01328,snapshot_rds,2026-08-22 07:29:20.112117248,81.0,success,2,alert,notifications
R-01329,purge_cache,2026-09-10 01:03:53.397497856,156.0,success,0,alert,notifications
R-01330,failover_drill,2026-08-02 19:20:08.149301504,97.0,success,0,pipeline,search-api
R-01331,rotate_secrets,2026-08-06 10:20:30.413672448,24.0,failed,1,alert,billing-worker
R-01332,cert_renewal,2026-09-03 09:59:14.522232320,708.0,success,0,pipeline,notifications
R-01333,purge_cache,2026-08-19 01:32:58.092199424,71.0,success,0,alert,auth-service
R-01334,db_vacuum,2026-08-26 22:34:21.106813952,133.0,success,0,manual,notifications
R-01335,failover_drill,2026-08-03 01:06:24.338404864,79.0,success,0,schedule,checkout-api
R-01336,restart_pod,2026-09-03 22:56:11.535809536,43.0,success,3,pipeline,auth-service
R-01337,cert_renewal,2026-08-13 21:30:03.949919744,32.0,success,0,alert,search-api
R-01338,snapshot_rds,2026-08-20 05:40:35.142645760,29.0,success,0,schedule,checkout-api
R-01339,cert_renewal,2026-08-16 08:32:04.628234752,69.0,success,0,pipeline,auth-service
R-01340,scale_deployment,2026-08-19 09:43:33.705527808,33.0,success,3,schedule,notifications
R-01341,restart_pod,2026-08-28 19:30:29.967422208,67.0,success,2,alert,notifications
R-01342,purge_cache,2026-08-18 05:59:16.755936256,190.0,success,0,schedule,billing-worker
R-01343,failover_drill,2026-09-06 20:54:29.530461440,-1.0,success,2,pipeline,notifications
R-01344,failover_drill,2026-08-19 08:19:06.131843328,50.0,success,0,pipeline,search-api
R-01345,snapshot_rds,2026-08-18 20:17:04.123201024,37.0,success,0,schedule,checkout-api
R-01346,db_vacuum,2026-08-02 12:08:09.153507840,26.0,success,1,alert,auth-service
R-01347,rotate_secrets,2026-08-31 04:24:30.053446656,22.0,success,0,alert,search-api
R-01348,db_vacuum,2026-09-11 19:47:27.129082368,53.0,success,2,schedule,notifications
R-01349,restart_pod,2026-08-04 23:49:43.641712384,66.0,timeout,0,alert,checkout-api
R-01350,scale_deployment,2026-09-11 10:57:38.788592128,20.0,success,3,alert,search-api
R-01351,cert_renewal,2026-08-30 20:26:21.605541376,119.0,success,0,schedule,checkout-api
R-01352,rotate_secrets,2026-08-16 15:14:56.395721472,50.0,success,3,alert,billing-worker
R-01353,snapshot_rds,2026-08-09 08:43:26.492644352,194.0,success,3,alert,search-api
R-01354,restart_pod,2026-08-08 12:14:50.772384512,77.0,success,3,schedule,billing-worker
R-01355,restart_pod,2026-08-10 01:34:18.915753984,46.0,success,3,pipeline,notifications
R-01356,db_vacuum,2026-08-21 07:15:26.853238016,93.0,success,2,schedule,checkout-api
R-01357,scale_deployment,2026-08-12 22:41:40.876192256,94.0,success,0,schedule,auth-service
R-01358,cert_renewal,2026-08-08 04:57:12.922010880,31.0,timeout,0,alert,search-api
R-01359,cert_renewal,2026-08-14 00:15:45.326681344,88.0,success,0,schedule,billing-worker
R-01360,db_vacuum,2026-08-30 21:18:03.606959616,28.0,success,0,alert,notifications
R-01361,db_vacuum,2026-09-01 03:42:02.613264640,23.0,success,0,schedule,notifications
R-01362,restart_pod,2026-09-10 08:21:24.759486720,8.0,success,3,alert,billing-worker
R-01363,scale_deployment,2026-09-02 19:47:45.626525952,120.0,success,0,pipeline,checkout-api
R-01364,cert_renewal,2026-08-24 02:35:32.441067776,54.0,success,2,alert,auth-service
R-01365,restart_pod,2026-08-06 06:59:07.657706240,67.0,success,2,manual,search-api
R-01366,scale_deployment,2026-08-29 02:44:22.590425088,44.0,success,0,schedule,notifications
R-01367,snapshot_rds,2026-08-10 16:48:16.041149952,37.0,failed,1,schedule,search-api
R-01368,restart_pod,2026-09-14 18:53:49.402299648,124.0,success,0,schedule,notifications
R-01369,failover_drill,2026-08-10 16:31:28.997939456,21.0,timeout,0,schedule,billing-worker
R-01370,snapshot_rds,2026-08-22 13:26:14.660075520,30.0,success,0,alert,checkout-api
R-01371,db_vacuum,2026-08-18 14:57:27.721155840,16.0,success,1,pipeline,auth-service
R-01372,cert_renewal,2026-09-13 23:51:10.381436416,16.0,success,0,alert,billing-worker
R-01373,rotate_secrets,2026-08-02 07:15:10.408028160,101.0,success,2,alert,billing-worker
R-01374,db_vacuum,2026-09-07 22:03:17.823907840,39.0,timeout,0,alert,checkout-api
R-01375,cert_renewal,2026-09-12 18:40:03.958913792,16.0,success,0,manual,billing-worker
R-01376,cert_renewal,2026-08-02 10:56:05.836102144,40.0,success,0,alert,billing-worker
R-01377,restart_pod,2026-08-08 04:35:26.765730304,136.0,success,0,schedule,auth-service
R-01378,restart_pod,2026-09-06 22:15:09.340014080,226.0,success,3,schedule,auth-service
R-01379,rotate_secrets,2026-08-21 11:49:09.988023040,30.0,timeout,1,alert,notifications
R-01380,cert_renewal,2026-09-04 15:52:56.982316800,38.0,success,0,schedule,search-api
R-01381,rotate_secrets,2026-08-22 21:53:06.284229376,77.0,success,3,pipeline,notifications
R-01382,scale_deployment,2026-08-31 03:20:14.770781440,279.0,success,0,schedule,notifications
R-01383,snapshot_rds,2026-09-05 17:23:45.540566528,148.0,success,1,alert,notifications
R-01384,scale_deployment,2026-08-14 12:43:25.447984896,70.0,success,1,schedule,search-api
R-01385,purge_cache,2026-09-14 03:53:44.812372480,347.0,success,0,alert,search-api
R-01386,rotate_secrets,2026-08-13 08:56:44.875284224,78.0,timeout,3,schedule,billing-worker
R-01387,db_vacuum,2026-09-09 17:48:25.534779904,240.0,success,3,alert,search-api
R-01388,scale_deployment,2026-08-31 16:37:24.535274752,63.0,success,0,alert,notifications
R-01389,snapshot_rds,2026-08-05 20:29:36.707769856,88.0,success,0,pipeline,search-api
R-01390,rotate_secrets,2026-08-31 06:48:25.675450368,23.0,success,0,alert,notifications
R-01391,rotate_secrets,2026-08-08 21:36:16.376902912,1717.0,success,0,alert,auth-service
R-01392,failover_drill,2026-08-22 08:18:15.378959360,94.0,failed,2,alert,auth-service
R-01393,cert_renewal,2026-09-12 20:28:02.128557312,85.0,failed,2,pipeline,search-api
R-01394,restart_pod,2026-08-03 19:39:08.244311296,136.0,success,0,schedule,checkout-api
R-01395,restart_pod,2026-08-05 19:57:14.641026048,85.0,timeout,0,alert,billing-worker
R-01396,db_vacuum,2026-08-24 15:13:15.811652608,41.0,success,0,manual,billing-worker
R-01397,cert_renewal,2026-08-29 07:15:20.283522560,152.0,success,0,alert,checkout-api
R-01398,cert_renewal,2026-08-14 18:40:05.102562560,32.0,success,1,alert,notifications
R-01399,failover_drill,2026-08-28 04:00:24.984760832,37.0,success,0,pipeline,search-api
R-01400,db_vacuum,2026-08-21 12:45:54.830605568,121.0,success,0,alert,checkout-api
R-01401,failover_drill,2026-08-17 05:34:51.195186432,21.0,failed,2,schedule,search-api
R-01402,scale_deployment,2026-08-29 21:45:46.595364608,48.0,success,2,manual,notifications
R-01403,scale_deployment,2026-09-09 06:22:27.570469632,112.0,success,1,alert,notifications
R-01404,db_vacuum,2026-09-09 06:30:48.927224832,66.0,timeout,2,alert,checkout-api
R-01405,restart_pod,2026-08-12 07:42:13.558816000,67.0,success,0,schedule,search-api
R-01406,snapshot_rds,2026-09-12 23:12:31.133953792,57.0,success,3,alert,checkout-api
R-01407,scale_deployment,2026-08-08 16:36:45.703771904,31.0,success,2,schedule,search-api
R-01408,snapshot_rds,2026-08-20 00:34:18.585986304,23.0,success,3,pipeline,notifications
R-01409,rotate_secrets,2026-09-12 18:28:30.976461568,77.0,success,0,alert,auth-service
R-01410,restart_pod,2026-08-11 23:28:28.022356992,12.0,timeout,3,alert,checkout-api
R-01411,cert_renewal,2026-09-12 18:02:37.366029312,29.0,timeout,1,alert,billing-worker
R-01412,snapshot_rds,2026-08-10 19:24:58.886384128,106.0,timeout,0,alert,checkout-api
R-01413,restart_pod,2026-08-27 15:31:46.946857216,49.0,success,0,schedule,billing-worker
R-01414,purge_cache,2026-09-11 06:59:35.948978944,29.0,success,0,schedule,auth-service
R-01415,cert_renewal,2026-08-13 13:18:25.042915328,91.0,success,0,alert,search-api
R-01416,snapshot_rds,2026-09-08 16:23:52.031841280,121.0,success,1,schedule,auth-service
R-01417,rotate_secrets,2026-09-12 08:48:24.802343424,62.0,success,0,alert,auth-service
R-01418,failover_drill,2026-08-04 00:20:19.604323584,62.0,success,0,schedule,checkout-api
R-01419,scale_deployment,2026-08-31 14:57:30.132586240,76.0,success,0,alert,checkout-api
R-01420,cert_renewal,2026-08-15 02:30:43.875496448,109.0,success,0,alert,checkout-api
R-01421,cert_renewal,2026-08-02 13:56:15.600161536,24.0,success,2,alert,checkout-api
R-01422,rotate_secrets,2026-09-06 15:26:04.192658944,141.0,success,0,alert,notifications
R-01423,rotate_secrets,2026-09-14 02:19:08.312548864,213.0,success,3,schedule,billing-worker
R-01424,failover_drill,2026-08-26 14:05:03.498664704,52.0,timeout,3,pipeline,search-api
R-01425,db_vacuum,2026-08-29 17:57:48.299853568,12.0,failed,2,pipeline,search-api
R-01426,failover_drill,2026-08-03 20:07:03.100891136,111.0,success,1,pipeline,search-api
R-01427,rotate_secrets,2026-09-07 03:45:40.244943360,203.0,failed,2,schedule,checkout-api
R-01428,purge_cache,2026-08-15 03:48:35.412077824,31.0,success,0,alert,search-api
R-01429,failover_drill,2026-08-23 03:05:08.775080704,21.0,success,0,schedule,auth-service
R-01430,cert_renewal,2026-08-31 02:36:24.020607744,121.0,success,0,alert,notifications
R-01431,rotate_secrets,2026-09-02 11:47:05.301852672,79.0,success,0,manual,checkout-api
R-01432,cert_renewal,2026-09-10 18:05:14.984980992,750.0,success,0,schedule,auth-service
R-01433,restart_pod,2026-08-26 03:09:52.478915840,80.0,success,0,manual,auth-service
R-01434,purge_cache,2026-09-06 02:58:15.410671872,33.0,success,0,pipeline,checkout-api
R-01435,failover_drill,2026-09-10 20:14:20.183025152,29.0,success,0,schedule,checkout-api
R-01436,rotate_secrets,2026-08-02 00:00:44.103736320,46.0,success,0,pipeline,auth-service
R-01437,restart_pod,2026-08-04 16:35:06.517366528,,success,3,schedule,search-api
R-01438,failover_drill,2026-08-18 00:42:13.683630848,189.0,success,2,alert,billing-worker
R-01439,db_vacuum,2026-09-10 11:13:22.019089152,53.0,success,3,pipeline,notifications
R-01440,failover_drill,2026-09-01 07:23:08.004857856,92.0,success,0,alert,auth-service
R-01441,purge_cache,2026-08-16 05:59:35.010086912,89.0,success,2,manual,billing-worker
R-01442,db_vacuum,2026-09-06 09:25:12.258149632,49.0,success,0,alert,billing-worker
R-01443,rotate_secrets,2026-09-06 02:11:45.263762432,84.0,success,0,schedule,notifications
R-01444,purge_cache,2026-09-13 10:07:23.409199360,56.0,success,2,alert,auth-service
R-01445,rotate_secrets,2026-08-01 04:15:02.712460288,36.0,success,0,alert,billing-worker
R-01446,db_vacuum,2026-08-02 01:01:18.941825024,11.0,success,0,schedule,auth-service
R-01447,rotate_secrets,2026-08-05 16:28:02.308577024,88.0,success,0,pipeline,billing-worker
R-01448,restart_pod,2026-09-13 23:06:00.399031296,279.0,success,0,schedule,checkout-api
R-01449,cert_renewal,2026-08-20 12:49:21.845011712,35.0,success,1,alert,notifications
R-01450,snapshot_rds,2026-08-07 02:23:26.600137216,56.0,success,0,alert,billing-worker
R-01451,purge_cache,2026-09-14 03:01:08.110793728,44.0,success,0,schedule,billing-worker
R-01452,purge_cache,2026-08-19 05:40:23.610708992,178.0,success,0,alert,auth-service
R-01453,rotate_secrets,2026-08-31 15:07:26.391092224,882.0,success,2,alert,auth-service
R-01454,scale_deployment,2026-09-09 08:06:21.262003968,30.0,success,0,manual,checkout-api
R-01455,db_vacuum,2026-08-15 22:39:37.734454272,33.0,timeout,0,schedule,search-api
R-01456,scale_deployment,2026-08-04 07:16:57.361454336,10.0,success,0,alert,billing-worker
R-01457,cert_renewal,2026-08-28 14:43:45.792694784,76.0,success,2,schedule,search-api
R-01458,snapshot_rds,2026-09-09 12:49:29.601169920,31.0,success,2,alert,auth-service
R-01459,rotate_secrets,2026-08-28 21:44:52.931783936,100000.0,success,0,pipeline,checkout-api
R-01460,restart_pod,2026-09-13 07:23:36.484570624,122.0,success,3,alert,checkout-api
R-01461,purge_cache,2026-08-11 19:18:25.423533824,128.0,success,0,manual,checkout-api
R-01462,restart_pod,2026-09-14 04:12:38.625840384,225.0,success,2,pipeline,checkout-api
R-01463,db_vacuum,2026-08-10 14:53:56.466760192,334.0,success,0,alert,checkout-api
R-01464,cert_renewal,2026-08-11 20:42:40.849240320,58.0,success,2,alert,search-api
R-01465,db_vacuum,2026-08-09 11:52:15.191894528,97.0,success,0,alert,checkout-api
R-01466,cert_renewal,2026-08-11 16:36:33.148234496,107.0,success,0,schedule,notifications
R-01467,snapshot_rds,2026-09-09 09:15:50.803373824,100.0,failed,3,alert,auth-service
R-01468,rotate_secrets,2026-08-07 03:27:16.343520512,129.0,success,0,alert,search-api
R-01469,failover_drill,2026-08-14 11:21:11.623616768,140.0,failed,2,alert,notifications
R-01470,failover_drill,2026-08-16 07:40:30.289699840,7.0,success,1,schedule,checkout-api
R-01471,failover_drill,2026-09-12 03:07:36.367096832,28.0,success,0,alert,auth-service
R-01472,cert_renewal,2026-09-09 23:59:16.167326208,105.0,failed,3,manual,notifications
R-01473,rotate_secrets,2026-08-09 06:45:44.507056640,47.0,success,2,alert,auth-service
R-01474,cert_renewal,2026-09-13 10:21:55.026880000,20.0,success,0,pipeline,search-api
R-01475,purge_cache,2026-08-12 05:20:03.902777088,105.0,success,1,alert,checkout-api
R-01476,cert_renewal,2026-09-11 16:02:42.957690112,150.0,success,0,schedule,billing-worker
R-01477,snapshot_rds,2026-09-01 06:26:15.091418624,54.0,success,0,alert,billing-worker
R-01478,scale_deployment,2026-08-22 18:12:53.768301568,115.0,success,0,alert,search-api
R-01479,failover_drill,2026-08-27 21:10:07.434561792,212.0,success,2,schedule,search-api
R-01480,cert_renewal,2026-08-17 20:14:27.474423040,57.0,success,1,alert,auth-service
R-01481,snapshot_rds,2026-09-12 21:25:30.734139904,94.0,success,0,alert,billing-worker
R-01482,cert_renewal,2026-08-16 00:18:58.086931712,230.0,success,0,schedule,checkout-api
R-01483,snapshot_rds,2026-09-05 14:46:11.922945024,15.0,success,0,alert,auth-service
R-01484,snapshot_rds,2026-08-19 15:23:11.447990272,35.0,success,2,alert,notifications
R-01485,restart_pod,2026-08-31 20:48:29.060888320,35.0,success,0,schedule,auth-service
R-01486,failover_drill,2026-09-02 03:16:59.415553280,44.0,success,1,schedule,search-api
R-01487,rotate_secrets,2026-09-09 14:00:21.732371200,30.0,success,2,schedule,search-api
R-01488,snapshot_rds,2026-09-06 04:27:24.178171648,34.0,success,2,alert,auth-service
R-01489,db_vacuum,2026-09-11 16:45:27.573002496,50.0,success,0,schedule,auth-service
R-01490,purge_cache,2026-08-07 04:03:52.600116736,156.0,success,3,schedule,notifications
R-01491,restart_pod,2026-08-28 02:34:51.822949888,32.0,success,1,schedule,checkout-api
R-01492,rotate_secrets,2026-09-08 18:11:45.029277440,20.0,success,0,alert,search-api
R-01493,purge_cache,2026-08-22 09:15:50.766197760,534.0,success,1,alert,auth-service
R-01494,scale_deployment,2026-09-12 15:26:35.050942720,17.0,success,0,alert,notifications
R-01495,scale_deployment,2026-09-04 23:04:42.555613952,54.0,failed,2,schedule,search-api
R-01496,snapshot_rds,2026-08-30 08:32:04.069434624,11.0,success,0,alert,checkout-api
R-01497,cert_renewal,2026-08-08 07:26:48.914219008,63.0,success,0,schedule,billing-worker
R-01498,rotate_secrets,2026-08-20 18:01:39.878807296,75.0,success,0,alert,search-api
R-01499,snapshot_rds,2026-08-22 05:45:01.043988736,38.0,success,0,pipeline,auth-service
R-01500,rotate_secrets,2026-08-26 16:33:26.281556480,166.0,success,0,pipeline,auth-service
